batch_id,article_key,article_number_current,article_number_ar,boe_official_source_url,boe_access_date,boe_article_found_flag,official_arabic_text_reconciled,official_arabic_text_hash_sha256,official_arabic_text_length_chars,official_arabic_text_source_method,uploaded_candidate_compared_flag,uploaded_candidate_match_status,uploaded_candidate_issue_type,amendment_status_from_tracking,m44_related_flag,mukarrar_or_renumbered_or_deleted_flag,reconciliation_status,reconciliation_notes,ready_for_future_ingestion_flag
LABOR_LAW_TEXT_RECONCILIATION_BATCH_003_ARTICLES_051_075,labor_law_art_051,51,المادة الحادية والخمسون,https://laws.boe.gov.sa/boelaws/laws/lawdetails/08381293-6388-48e2-8ad2-a9a700f2aa94/1,2026-07-07,yes,,,0,NEEDS_AMENDMENT_POPUP_RECONCILIATION,not_available,not_compared,not_compared,amendment_tracked_not_merged_here,yes,no,DO_NOT_INGEST_YET,amended article; BOE main DOM may be original/base text; amendment shown through show-amendment popup; no generated consolidation performed; do not ingest until official current text is cleanly captured,needs_manual_review
LABOR_LAW_TEXT_RECONCILIATION_BATCH_003_ARTICLES_051_075,labor_law_art_052,52,المادة الثانية والخمسون,https://laws.boe.gov.sa/boelaws/laws/lawdetails/08381293-6388-48e2-8ad2-a9a700f2aa94/1,2026-07-07,yes,,,0,NEEDS_AMENDMENT_POPUP_RECONCILIATION,not_available,not_compared,not_compared,amendment_tracked_not_merged_here,yes,no,DO_NOT_INGEST_YET,amended article; BOE main DOM may be original/base text; amendment shown through show-amendment popup; no generated consolidation performed; do not ingest until official current text is cleanly captured,needs_manual_review
LABOR_LAW_TEXT_RECONCILIATION_BATCH_003_ARTICLES_051_075,labor_law_art_053,53,المادة الثالثة والخمسون,https://laws.boe.gov.sa/boelaws/laws/lawdetails/08381293-6388-48e2-8ad2-a9a700f2aa94/1,2026-07-07,yes,,,0,NEEDS_AMENDMENT_POPUP_RECONCILIATION,not_available,not_compared,not_compared,amendment_tracked_not_merged_here,yes,no,DO_NOT_INGEST_YET,amended article; BOE main DOM may be original/base text; amendment shown through show-amendment popup; no generated consolidation performed; do not ingest until official current text is cleanly captured,needs_manual_review
LABOR_LAW_TEXT_RECONCILIATION_BATCH_003_ARTICLES_051_075,labor_law_art_054,54,المادة الرابعة والخمسون,https://laws.boe.gov.sa/boelaws/laws/lawdetails/08381293-6388-48e2-8ad2-a9a700f2aa94/1,2026-07-07,yes,,,0,NEEDS_AMENDMENT_POPUP_RECONCILIATION,not_available,not_compared,not_compared,amendment_tracked_not_merged_here,no,no,DO_NOT_INGEST_YET,amended article; BOE main DOM may be original/base text; amendment shown through show-amendment popup; no generated consolidation performed; do not ingest until official current text is cleanly captured,needs_manual_review
LABOR_LAW_TEXT_RECONCILIATION_BATCH_003_ARTICLES_051_075,labor_law_art_055,55,المادة الخامسة والخمسون,https://laws.boe.gov.sa/boelaws/laws/lawdetails/08381293-6388-48e2-8ad2-a9a700f2aa94/1,2026-07-07,yes,,,0,NEEDS_AMENDMENT_POPUP_RECONCILIATION,not_available,not_compared,not_compared,amendment_tracked_not_merged_here,no,no,DO_NOT_INGEST_YET,amended article; BOE main DOM may be original/base text; amendment shown through show-amendment popup; no generated consolidation performed; do not ingest until official current text is cleanly captured,needs_manual_review
LABOR_LAW_TEXT_RECONCILIATION_BATCH_003_ARTICLES_051_075,labor_law_art_056,56,المادة السادسة والخمسون,https://laws.boe.gov.sa/boelaws/laws/lawdetails/08381293-6388-48e2-8ad2-a9a700f2aa94/1,2026-07-07,yes,في جميع الحالات التي يتجدد فيها العقد لمدة محددة، تعد المدة التي تجدد إليها العقد امتدادًا للمدة الأصلية في تحديد حقوق العامل التي تدخل مدة الخدمة في حسابها.,e1e71c59259b2f3d832e638b8733d933b6a4a8364c08f7bd553976cc72fea608,157,BOE_DOM_ARTICLE_TEXT,not_available,not_compared,not_compared,no_amendment_tracked,no,no,RECONCILED_FROM_BOE_OFFICIAL_AR,official BOE Arabic text captured for batch,yes
LABOR_LAW_TEXT_RECONCILIATION_BATCH_003_ARTICLES_051_075,labor_law_art_057,57,المادة السابعة والخمسون,https://laws.boe.gov.sa/boelaws/laws/lawdetails/08381293-6388-48e2-8ad2-a9a700f2aa94/1,2026-07-07,yes,إذا كان العقد من أجل القيام بعمل معين فإنه ينتهي بإنجاز العمل المتفق عليه.,e0315a0ba27d7651d431e1005d8b0649ff4fc6f13eab64c09cf51e1f842548be,74,BOE_DOM_ARTICLE_TEXT,not_available,not_compared,not_compared,no_amendment_tracked,no,no,RECONCILED_FROM_BOE_OFFICIAL_AR,official BOE Arabic text captured for batch,yes
LABOR_LAW_TEXT_RECONCILIATION_BATCH_003_ARTICLES_051_075,labor_law_art_058,58,المادة الثامنة والخمسون,https://laws.boe.gov.sa/boelaws/laws/lawdetails/08381293-6388-48e2-8ad2-a9a700f2aa94/1,2026-07-07,yes,,,0,RENUMBERED_ENTRY_NEEDS_MANUAL_RECONCILIATION,not_available,not_compared,not_compared,amendment_tracked_not_merged_here,no,renumbered,DO_NOT_INGEST_YET,amended and renumbered article; BOE main DOM may be original/base text; amendment shown through show-amendment popup; renumbered by amendment; no generated consolidation performed; do not ingest until official current text is cleanly captured,needs_manual_review
LABOR_LAW_TEXT_RECONCILIATION_BATCH_003_ARTICLES_051_075,labor_law_art_059,59,المادة التاسعة والخمسون,https://laws.boe.gov.sa/boelaws/laws/lawdetails/08381293-6388-48e2-8ad2-a9a700f2aa94/1,2026-07-07,yes,لا يجوز نقل العامل ذي الأجر الشهري إلى فئة عمال اليومية أو العمال المعينين بالأجر الأسبوعي أو بالقطعة أو بالساعة، إلا إذا وافق العامل على ذلك كتابة، ومع عدم الإخلال بالحقوق التي اكتسبها العامل في المدة التي قضاها بالأجر الشهري.,af556aa47c348b5c237ed6d545be0150a3e49089fc0b1f8352c3896e40a6a14a,227,BOE_DOM_ARTICLE_TEXT,not_available,not_compared,not_compared,no_amendment_tracked,no,no,RECONCILED_FROM_BOE_OFFICIAL_AR,official BOE Arabic text captured for batch,yes
LABOR_LAW_TEXT_RECONCILIATION_BATCH_003_ARTICLES_051_075,labor_law_art_060,60,المادة الستون,https://laws.boe.gov.sa/boelaws/laws/lawdetails/08381293-6388-48e2-8ad2-a9a700f2aa94/1,2026-07-07,yes,مع عدم الإخلال بما تضمنته المادة (الثامنة والثلاثون) من هذا النظام، لا يجوز تكليف العامل بعمل يختلف اختلافًا جوهريًّا عن العمل المتفق عليه بغير موافقته الكتابية، إلا في حالات الضرورة التي قد تقتضيها ظروف عارضة، ولمدة لا تتجاوز ثلاثين يومًا في السنة.,af6beb3f8466a5a3d3b2f035a7c3d3462b13ae6369d6b6815b85cea8c0fb8706,249,BOE_DOM_ARTICLE_TEXT,not_available,not_compared,not_compared,no_amendment_tracked,no,no,RECONCILED_FROM_BOE_OFFICIAL_AR,official BOE Arabic text captured for batch,yes
LABOR_LAW_TEXT_RECONCILIATION_BATCH_003_ARTICLES_051_075,labor_law_art_061,61,المادة الحادية والستون,https://laws.boe.gov.sa/boelaws/laws/lawdetails/08381293-6388-48e2-8ad2-a9a700f2aa94/1,2026-07-07,yes,,,0,NEEDS_AMENDMENT_POPUP_RECONCILIATION,not_available,not_compared,not_compared,amendment_tracked_not_merged_here,yes,no,DO_NOT_INGEST_YET,amended article; BOE main DOM may be original/base text; amendment shown through show-amendment popup; no generated consolidation performed; do not ingest until official current text is cleanly captured,needs_manual_review
LABOR_LAW_TEXT_RECONCILIATION_BATCH_003_ARTICLES_051_075,labor_law_art_062,62,المادة الثانية والستون,https://laws.boe.gov.sa/boelaws/laws/lawdetails/08381293-6388-48e2-8ad2-a9a700f2aa94/1,2026-07-07,yes,إذا حضر العامل لأداء عمله في الوقت المحدد لذلك، أو بين أنه مستعد لأداء عمله في هذا الوقت، ولم يمنعه عن العمل إلا سبب راجع إلى صاحب العمل؛ كان له الحق في أجر المدة التي لا يؤدي فيها العمل.,ae46cc7f48778d76c15773e07b284466993d8c0cb5ab95f5a7d5fc789bb50661,187,BOE_DOM_ARTICLE_TEXT,not_available,not_compared,not_compared,no_amendment_tracked,no,no,RECONCILED_FROM_BOE_OFFICIAL_AR,official BOE Arabic text captured for batch,yes
LABOR_LAW_TEXT_RECONCILIATION_BATCH_003_ARTICLES_051_075,labor_law_art_063,63,المادة الثالثة والستون,https://laws.boe.gov.sa/boelaws/laws/lawdetails/08381293-6388-48e2-8ad2-a9a700f2aa94/1,2026-07-07,yes,على صاحب العمل أو وكيله أو أي شخص له سلطة على العمال، منع دخول أي مادة محرمة شرعًا إلى أماكن العمل، ويطبق بحق من وجدت لديه أو من تعاطاها العقوبات المقررة في هذا النظام، مع عدم الإخلال بالعقوبات الشرعية.,6c833d92d3a683c02cdf1cf7847111c4c979021f9b425ffb7108b782d2f88294,202,BOE_DOM_ARTICLE_TEXT,not_available,not_compared,not_compared,no_amendment_tracked,no,no,RECONCILED_FROM_BOE_OFFICIAL_AR,official BOE Arabic text captured for batch,yes
LABOR_LAW_TEXT_RECONCILIATION_BATCH_003_ARTICLES_051_075,labor_law_art_064,64,المادة الرابعة والستون,https://laws.boe.gov.sa/boelaws/laws/lawdetails/08381293-6388-48e2-8ad2-a9a700f2aa94/1,2026-07-07,yes,,,0,NEEDS_AMENDMENT_POPUP_RECONCILIATION,not_available,not_compared,not_compared,amendment_tracked_not_merged_here,no,no,DO_NOT_INGEST_YET,amended article; BOE main DOM may be original/base text; amendment shown through show-amendment popup; no generated consolidation performed; do not ingest until official current text is cleanly captured,needs_manual_review
LABOR_LAW_TEXT_RECONCILIATION_BATCH_003_ARTICLES_051_075,labor_law_art_065,65,المادة الخامسة والستون,https://laws.boe.gov.sa/boelaws/laws/lawdetails/08381293-6388-48e2-8ad2-a9a700f2aa94/1,2026-07-07,yes,"بالإضافة إلى الواجبات المنصوص عليها في هذا النظام واللوائح والقرارات الصادرة تطبيقًا له، يجب على العامل:
1 - أن ينجز العمل وفقًا لأصول المهنة ووفق تعليمات صاحب العمل، إذا لم يكن في هذه التعليمات ما يخالف العقد أو النظام أو الآداب العامة، ولم يكن في تنفيذها ما يعرض للخطر.2 - أن يعتني عناية كافية بالآلات والأدوات والمهمات والخامات المملوكة لصاحب العمل الموضوعة تحت تصرفه، أو التي تكون في عهدته، وأن يعيد إلى صاحب العمل المواد غير المستهلكة.3 - أن يلتزم حسن السلوك والأخلاق أثناء العمل.4 - أن يقدم كل عون ومساعدة دون أن يشترط لذلك أجرًا إضافيًّا في حالات الكوارث والأخطار التي تهدد سلامة مكان العمل أو الأشخاص العاملين فيه.5 - أن يخضع- وفقًا لطلب صاحب العمل- للفحوص الطبية التي يرغب في إجرائها عليه قبل الالتحاق بالعمل أو أثناءه، للتحقق من خلوه من الأمراض المهنية أو السارية.6 - أن يحفظ الأسرار الفنية والتجارية والصناعية للمواد التي ينتجها، أو التي أسهم في إنتاجها بصورة مباشرة أو غير مباشرة، وجميع الأسرار المهنية المتعلقة بالعمل أو المنشأة التي من شأن إفشائها الإضرار بمصلحة صاحب العمل.",f71cd19d5cf47bbf9eccad836a8906cb8ab93ca9ce08eb13e35206bc5baa9702,988,BOE_DOM_ARTICLE_TEXT,not_available,not_compared,not_compared,no_amendment_tracked,no,no,RECONCILED_FROM_BOE_OFFICIAL_AR,official BOE Arabic text captured for batch,yes
LABOR_LAW_TEXT_RECONCILIATION_BATCH_003_ARTICLES_051_075,labor_law_art_066,66,المادة السادسة والستون,https://laws.boe.gov.sa/boelaws/laws/lawdetails/08381293-6388-48e2-8ad2-a9a700f2aa94/1,2026-07-07,yes,"الجزاءات التأديبية التي يجوز لصاحب العمل توقيعها على العامل:
1 - الإنذار.2 - الغرامة.3 - الحرمان من العلاوة أو تأجيلها لمدة لا تزيد على سنة متى كانت مقررة من صاحب العمل.4 - تأجيل الترقية مدة لا تزيد على سنة متى كانت مقررة من صاحب العمل.5 - الإيقاف عن العمل مع الحرمان من الأجر.6- الفصل من العمل في الحالات المقررة في النظام.",3347fdfa06d0ba519b70b4365dce0c08243f337ef13fccd999e1e5b1458223e8,324,BOE_DOM_ARTICLE_TEXT,not_available,not_compared,not_compared,no_amendment_tracked,no,no,RECONCILED_FROM_BOE_OFFICIAL_AR,official BOE Arabic text captured for batch,yes
LABOR_LAW_TEXT_RECONCILIATION_BATCH_003_ARTICLES_051_075,labor_law_art_067,67,المادة السابعة والستون,https://laws.boe.gov.sa/boelaws/laws/lawdetails/08381293-6388-48e2-8ad2-a9a700f2aa94/1,2026-07-07,yes,لا يجوز لصاحب العمل أن يوقع على العامل جزاءً غير وارد في هذا النظام أو في لائحة تنظيم العمل.,6fa2ccc93a15bd5f99cf86bf9dfd814fa1e145237000d2d623ea5ab4e576eb2e,92,BOE_DOM_ARTICLE_TEXT,not_available,not_compared,not_compared,no_amendment_tracked,no,no,RECONCILED_FROM_BOE_OFFICIAL_AR,official BOE Arabic text captured for batch,yes
LABOR_LAW_TEXT_RECONCILIATION_BATCH_003_ARTICLES_051_075,labor_law_art_068,68,المادة الثامنة والستون,https://laws.boe.gov.sa/boelaws/laws/lawdetails/08381293-6388-48e2-8ad2-a9a700f2aa94/1,2026-07-07,yes,لا يجوز تشديد الجزاء في حالة تكرار المخالفة إذا كان قد انقضى على المخالفة السابقة مائة وثمانون يومًا من تاريخ إبلاغ العامل بتوقيع الجزاء عليه عن تلك المخالفة.,c42d83665e56295e275293d6a65f1fa22dfd69dece33b843aa0998afbb459e7a,158,BOE_DOM_ARTICLE_TEXT,not_available,not_compared,not_compared,no_amendment_tracked,no,no,RECONCILED_FROM_BOE_OFFICIAL_AR,official BOE Arabic text captured for batch,yes
LABOR_LAW_TEXT_RECONCILIATION_BATCH_003_ARTICLES_051_075,labor_law_art_069,69,المادة التاسعة والستون,https://laws.boe.gov.sa/boelaws/laws/lawdetails/08381293-6388-48e2-8ad2-a9a700f2aa94/1,2026-07-07,yes,لا يجوز اتهام العامل بمخالفة مضى على كشفها أكثر من ثلاثين يومًا، ولا يجوز توقيع جزاء تأديبي بعد تاريخ انتهاء التحقيق في المخالفة وثبوتها في حق العامل بأكثر من ثلاثين يومًا.,00507fe49c0b1fb7bf9e0e97c623aa1824ae147bd91fd4997583eb7b7911413d,172,BOE_DOM_ARTICLE_TEXT,not_available,not_compared,not_compared,no_amendment_tracked,no,no,RECONCILED_FROM_BOE_OFFICIAL_AR,official BOE Arabic text captured for batch,yes
LABOR_LAW_TEXT_RECONCILIATION_BATCH_003_ARTICLES_051_075,labor_law_art_070,70,المادة السبعون,https://laws.boe.gov.sa/boelaws/laws/lawdetails/08381293-6388-48e2-8ad2-a9a700f2aa94/1,2026-07-07,yes,لا يجوز توقيع جزاء تأديبي على العامل لأمر ارتكبه خارج مكان العمل ما لم يكن متصلًا بالعمل أو بصاحبه أو مديره المسؤول، كما لا يجوز أن يوقع على العامل عن المخالفة الواحدة غرامة تزيد قيمتها على أجرة خمسة أيام، ولا توقيع أكثر من جزاء واحد على المخالفة الواحدة، ولا أن تُقتطع من أجره وفاءً للغرامات التي توقع عليه أكثر من أجر خمسة أيام في الشهر الواحد، ولا أن تزيد مدة إيقافه عن العمل دون أجر على خمسة أيام في الشهر.,8e1cda7f8334aab4f70d2bec559c7d095526e7eb28e44004e52e0075bd455331,410,BOE_DOM_ARTICLE_TEXT,not_available,not_compared,not_compared,no_amendment_tracked,no,no,RECONCILED_FROM_BOE_OFFICIAL_AR,official BOE Arabic text captured for batch,yes
LABOR_LAW_TEXT_RECONCILIATION_BATCH_003_ARTICLES_051_075,labor_law_art_071,71,المادة الحادية والسبعون,https://laws.boe.gov.sa/boelaws/laws/lawdetails/08381293-6388-48e2-8ad2-a9a700f2aa94/1,2026-07-07,yes,لا يجوز توقيع جزاء تأديبي على العامل إلا بعد إبلاغه كتابة بما نسب إليه واستجوابه وتحقيق دفاعه وإثبات ذلك في محضر يودع في ملفه الخاص، ويجوز أن يكون الاستجواب شفاهة في المخالفات البسيطة التي لا يتعدى الجزاء المفروض على مرتكبها الإنذار أو الغرامة باقتطاع ما لا يزيد على أجر يوم واحد، على أن يثبت ذلك في المحضر.,3f6cc72dd20ab85478da488894e3f4a78279377317bf62fc12a03584a0cbdcd3,307,BOE_DOM_ARTICLE_TEXT,not_available,not_compared,not_compared,no_amendment_tracked,no,no,RECONCILED_FROM_BOE_OFFICIAL_AR,official BOE Arabic text captured for batch,yes
LABOR_LAW_TEXT_RECONCILIATION_BATCH_003_ARTICLES_051_075,labor_law_art_072,72,المادة الثانية والسبعون,https://laws.boe.gov.sa/boelaws/laws/lawdetails/08381293-6388-48e2-8ad2-a9a700f2aa94/1,2026-07-07,yes,,,0,NEEDS_AMENDMENT_POPUP_RECONCILIATION,not_available,not_compared,not_compared,amendment_tracked_not_merged_here,yes,no,DO_NOT_INGEST_YET,amended article; BOE main DOM may be original/base text; amendment shown through show-amendment popup; no generated consolidation performed; do not ingest until official current text is cleanly captured,needs_manual_review
LABOR_LAW_TEXT_RECONCILIATION_BATCH_003_ARTICLES_051_075,labor_law_art_073,73,المادة الثالثة والسبعون,https://laws.boe.gov.sa/boelaws/laws/lawdetails/08381293-6388-48e2-8ad2-a9a700f2aa94/1,2026-07-07,yes,,,0,NEEDS_AMENDMENT_POPUP_RECONCILIATION,not_available,not_compared,not_compared,amendment_tracked_not_merged_here,no,no,DO_NOT_INGEST_YET,amended article; BOE main DOM may be original/base text; amendment shown through show-amendment popup; no generated consolidation performed; do not ingest until official current text is cleanly captured,needs_manual_review
LABOR_LAW_TEXT_RECONCILIATION_BATCH_003_ARTICLES_051_075,labor_law_art_074,74,المادة الرابعة والسبعون,https://laws.boe.gov.sa/boelaws/laws/lawdetails/08381293-6388-48e2-8ad2-a9a700f2aa94/1,2026-07-07,yes,,,0,NEEDS_AMENDMENT_POPUP_RECONCILIATION,not_available,not_compared,not_compared,amendment_tracked_not_merged_here,yes,no,DO_NOT_INGEST_YET,amended article; BOE main DOM may be original/base text; amendment shown through show-amendment popup; no generated consolidation performed; do not ingest until official current text is cleanly captured,needs_manual_review
LABOR_LAW_TEXT_RECONCILIATION_BATCH_003_ARTICLES_051_075,labor_law_art_075,75,المادة الخامسة والسبعون,https://laws.boe.gov.sa/boelaws/laws/lawdetails/08381293-6388-48e2-8ad2-a9a700f2aa94/1,2026-07-07,yes,,,0,NEEDS_AMENDMENT_POPUP_RECONCILIATION,not_available,not_compared,not_compared,amendment_tracked_not_merged_here,yes,no,DO_NOT_INGEST_YET,amended article; BOE main DOM may be original/base text; amendment shown through show-amendment popup; no generated consolidation performed; do not ingest until official current text is cleanly captured,needs_manual_review
