article_id,instrument,article,function_class,function_rule_label,function_ambiguous,function_note,subtype_descriptive,completeness_class,provenance,operational_core_rank_3y,court_judgments,party_judgments,hybrid_rate,named_fiqh_rate,maxim_rate,window
commercial_courts_law:16,commercial_courts_law,16,INSTITUTIONAL_OPERATION,INSTITUTIONAL_OPERATION,false,subject-matter jurisdiction of the commercial court,jurisdiction,INSTITUTIONAL_DIRECTIVE,"hand label, one reader, from enacted text and legal function; NOT blind to supplementation rates; sensitivity label in function_rule_label is a mechanical map from function.py, assigned before any rate existed",1,9190,2110,37.2,24.6,2.8,contemporary_5y (1442-1446); rank column is 1444-1446
commercial_courts_law:30,commercial_courts_law,30,INSTITUTIONAL_OPERATION,INSTITUTIONAL_OPERATION,true,when proceedings count as adversarial,service_notice,SELF_SUFFICIENT_RULE,"hand label, one reader, from enacted text and legal function; NOT blind to supplementation rates; sensitivity label in function_rule_label is a mechanical map from function.py, assigned before any rate existed",2,4892,730,42.8,26.5,3.2,contemporary_5y (1442-1446); rank column is 1444-1446
evidence_law:29,evidence_law,29,DISPUTE_DECISION,DISPUTE_DECISION,false,the private document is attributed to its signatory,proof_rules,SELF_SUFFICIENT_RULE,"hand label, one reader, from enacted text and legal function; NOT blind to supplementation rates; sensitivity label in function_rule_label is a mechanical map from function.py, assigned before any rate existed",3,3770,185,38.6,22.6,2.0,contemporary_5y (1442-1446); rank column is 1444-1446
sharia_procedure_law:76,sharia_procedure_law,76,INSTITUTIONAL_OPERATION,INSTITUTIONAL_OPERATION,false,pleas of jurisdiction and standing,standing_capacity,INSTITUTIONAL_DIRECTIVE,"hand label, one reader, from enacted text and legal function; NOT blind to supplementation rates; sensitivity label in function_rule_label is a mechanical map from function.py, assigned before any rate existed",5,1564,294,11.4,8.3,0.1,contemporary_5y (1442-1446); rank column is 1444-1446
commercial_courts_implementing_regulation:164,commercial_courts_implementing_regulation,164,DISPUTE_DECISION,INSTITUTIONAL_OPERATION,true,entitlement to compensation for material and moral damage; the costs component pulls the other way,costs,EXTERNAL_REFERRAL,"hand label, one reader, from enacted text and legal function; NOT blind to supplementation rates; sensitivity label in function_rule_label is a mechanical map from function.py, assigned before any rate existed",4,1394,129,66.6,53.3,4.6,contemporary_5y (1442-1446); rank column is 1444-1446
commercial_courts_law:78,commercial_courts_law,78,INSTITUTIONAL_OPERATION,INSTITUTIONAL_OPERATION,false,which judgments are appealable,appeal_finality,INSTITUTIONAL_DIRECTIVE,"hand label, one reader, from enacted text and legal function; NOT blind to supplementation rates; sensitivity label in function_rule_label is a mechanical map from function.py, assigned before any rate existed",6,1275,205,41.8,24.9,4.1,contemporary_5y (1442-1446); rank column is 1444-1446
evidence_law:21,evidence_law,21,MIXED,MIXED,false,an interrogation power whose consequence bears on the contested fact,attendance_default,OPEN_TEXTURED_STANDARD,"hand label, one reader, from enacted text and legal function; NOT blind to supplementation rates; sensitivity label in function_rule_label is a mechanical map from function.py, assigned before any rate existed",7,1030,56,45.4,21.1,2.8,contemporary_5y (1442-1446); rank column is 1444-1446
evidence_law:17,evidence_law,17,DISPUTE_DECISION,DISPUTE_DECISION,false,the judicial admission is conclusive against its maker,proof_rules,SELF_SUFFICIENT_RULE,"hand label, one reader, from enacted text and legal function; NOT blind to supplementation rates; sensitivity label in function_rule_label is a mechanical map from function.py, assigned before any rate existed",8,846,41,28.1,22.0,1.2,contemporary_5y (1442-1446); rank column is 1444-1446
commercial_courts_law:10,commercial_courts_law,10,INSTITUTIONAL_OPERATION,INSTITUTIONAL_OPERATION,false,how electronic service is effected,service_notice,INSTITUTIONAL_DIRECTIVE,"hand label, one reader, from enacted text and legal function; NOT blind to supplementation rates; sensitivity label in function_rule_label is a mechanical map from function.py, assigned before any rate existed",9,816,11,44.5,33.7,2.5,contemporary_5y (1442-1446); rank column is 1444-1446
evidence_law:14,evidence_law,14,DISPUTE_DECISION,DISPUTE_DECISION,false,what makes an admission judicial,proof_rules,DEFINITION_STATUS,"hand label, one reader, from enacted text and legal function; NOT blind to supplementation rates; sensitivity label in function_rule_label is a mechanical map from function.py, assigned before any rate existed",10,574,47,28.2,20.0,1.0,contemporary_5y (1442-1446); rank column is 1444-1446
sharia_procedure_law:57,sharia_procedure_law,57,MIXED,MIXED,false,default: the case is decided against the absent defendant,attendance_default,OPEN_TEXTURED_STANDARD,"hand label, one reader, from enacted text and legal function; NOT blind to supplementation rates; sensitivity label in function_rule_label is a mechanical map from function.py, assigned before any rate existed",14,539,100,57.7,20.8,6.5,contemporary_5y (1442-1446); rank column is 1444-1446
sharia_procedure_law:70,sharia_procedure_law,70,MIXED,AMBIGUOUS,false,"recording what the parties agreed, and issuing the deed",other,INSTITUTIONAL_DIRECTIVE,"hand label, one reader, from enacted text and legal function; NOT blind to supplementation rates; sensitivity label in function_rule_label is a mechanical map from function.py, assigned before any rate existed",11,533,7,42.4,1.5,0.0,contemporary_5y (1442-1446); rank column is 1444-1446
commercial_courts_law:1,commercial_courts_law,1,INSTITUTIONAL_OPERATION,INSTITUTIONAL_OPERATION,false,the statute's defined terms,definitions,DEFINITION_STATUS,"hand label, one reader, from enacted text and legal function; NOT blind to supplementation rates; sensitivity label in function_rule_label is a mechanical map from function.py, assigned before any rate existed",13,528,51,42.2,11.2,2.7,contemporary_5y (1442-1446); rank column is 1444-1446
sharia_procedure_law:31,sharia_procedure_law,31,INSTITUTIONAL_OPERATION,INSTITUTIONAL_OPERATION,false,jurisdiction of the general courts,jurisdiction,INSTITUTIONAL_DIRECTIVE,"hand label, one reader, from enacted text and legal function; NOT blind to supplementation rates; sensitivity label in function_rule_label is a mechanical map from function.py, assigned before any rate existed",15,522,29,18.6,15.7,0.2,contemporary_5y (1442-1446); rank column is 1444-1446
commercial_courts_law:79,commercial_courts_law,79,INSTITUTIONAL_OPERATION,INSTITUTIONAL_OPERATION,false,the appeal periods,appeal_finality,INSTITUTIONAL_DIRECTIVE,"hand label, one reader, from enacted text and legal function; NOT blind to supplementation rates; sensitivity label in function_rule_label is a mechanical map from function.py, assigned before any rate existed",12,503,16,26.4,11.5,0.8,contemporary_5y (1442-1446); rank column is 1444-1446
commercial_courts_implementing_regulation:11,commercial_courts_implementing_regulation,11,INSTITUTIONAL_OPERATION,AMBIGUOUS,false,which chamber hears a claim of what value,other,INSTITUTIONAL_DIRECTIVE,"hand label, one reader, from enacted text and legal function; NOT blind to supplementation rates; sensitivity label in function_rule_label is a mechanical map from function.py, assigned before any rate existed",25,398,26,11.1,8.3,1.3,contemporary_5y (1442-1446); rank column is 1444-1446
evidence_law:3,evidence_law,3,DISPUTE_DECISION,DISPUTE_DECISION,false,the burden of proof and the presumptions that go with it,proof_rules,OPEN_TEXTURED_STANDARD,"hand label, one reader, from enacted text and legal function; NOT blind to supplementation rates; sensitivity label in function_rule_label is a mechanical map from function.py, assigned before any rate existed",16,397,64,46.9,22.9,2.8,contemporary_5y (1442-1446); rank column is 1444-1446
commercial_courts_implementing_regulation:58,commercial_courts_implementing_regulation,58,INSTITUTIONAL_OPERATION,AMBIGUOUS,false,mandatory mediation before filing,other,INSTITUTIONAL_DIRECTIVE,"hand label, one reader, from enacted text and legal function; NOT blind to supplementation rates; sensitivity label in function_rule_label is a mechanical map from function.py, assigned before any rate existed",40,374,68,1.1,0.3,0.0,contemporary_5y (1442-1446); rank column is 1444-1446
evidence_law:1,evidence_law,1,INSTITUTIONAL_OPERATION,AMBIGUOUS,true,the scope of the Evidence Law; a scope clause of a dispute-deciding code,other,DEFINITION_STATUS,"hand label, one reader, from enacted text and legal function; NOT blind to supplementation rates; sensitivity label in function_rule_label is a mechanical map from function.py, assigned before any rate existed",17,356,20,71.6,62.6,7.3,contemporary_5y (1442-1446); rank column is 1444-1446
commercial_courts_implementing_regulation:64,commercial_courts_implementing_regulation,64,MIXED,AMBIGUOUS,false,a settlement offer that disposes of the dispute through a procedural mechanism,other,SELF_SUFFICIENT_RULE,"hand label, one reader, from enacted text and legal function; NOT blind to supplementation rates; sensitivity label in function_rule_label is a mechanical map from function.py, assigned before any rate existed",20,329,24,72.3,55.9,14.3,contemporary_5y (1442-1446); rank column is 1444-1446
commercial_courts_law:29,commercial_courts_law,29,MIXED,AMBIGUOUS,false,recording a settlement disposes of the dispute by an institutional act,other,SELF_SUFFICIENT_RULE,"hand label, one reader, from enacted text and legal function; NOT blind to supplementation rates; sensitivity label in function_rule_label is a mechanical map from function.py, assigned before any rate existed",19,320,10,85.9,2.8,0.0,contemporary_5y (1442-1446); rank column is 1444-1446
evidence_law:110,evidence_law,110,INSTITUTIONAL_OPERATION,AMBIGUOUS,false,the appointment of an expert on technical questions,other,DUTY_OR_POWER_WITHOUT_DECISION_RULE,"hand label, one reader, from enacted text and legal function; NOT blind to supplementation rates; sensitivity label in function_rule_label is a mechanical map from function.py, assigned before any rate existed",18,314,35,48.7,25.5,1.9,contemporary_5y (1442-1446); rank column is 1444-1446
commercial_courts_law:9,commercial_courts_law,9,INSTITUTIONAL_OPERATION,INSTITUTIONAL_OPERATION,false,what counts as an address for service,service_notice,INSTITUTIONAL_DIRECTIVE,"hand label, one reader, from enacted text and legal function; NOT blind to supplementation rates; sensitivity label in function_rule_label is a mechanical map from function.py, assigned before any rate existed",21,312,10,23.4,12.5,7.1,contemporary_5y (1442-1446); rank column is 1444-1446
law_practice_law:26,law_practice_law,26,DISPUTE_DECISION,AMBIGUOUS,false,entitlement to the lawyer's fee and its assessment,other,OPEN_TEXTURED_STANDARD,"hand label, one reader, from enacted text and legal function; NOT blind to supplementation rates; sensitivity label in function_rule_label is a mechanical map from function.py, assigned before any rate existed",23,285,48,59.6,23.5,0.4,contemporary_5y (1442-1446); rank column is 1444-1446
commercial_courts_law:42,commercial_courts_law,42,DISPUTE_DECISION,AMBIGUOUS,false,the evidentiary weight of official and private papers,other,SELF_SUFFICIENT_RULE,"hand label, one reader, from enacted text and legal function; NOT blind to supplementation rates; sensitivity label in function_rule_label is a mechanical map from function.py, assigned before any rate existed",43,279,34,64.2,51.6,5.7,contemporary_5y (1442-1446); rank column is 1444-1446
commercial_courts_law:22,commercial_courts_law,22,INSTITUTIONAL_OPERATION,AMBIGUOUS,false,referral to chambers and the defence memo deadline,other,INSTITUTIONAL_DIRECTIVE,"hand label, one reader, from enacted text and legal function; NOT blind to supplementation rates; sensitivity label in function_rule_label is a mechanical map from function.py, assigned before any rate existed",22,274,77,46.0,25.5,3.6,contemporary_5y (1442-1446); rank column is 1444-1446
sharia_procedure_law:92,sharia_procedure_law,92,INSTITUTIONAL_OPERATION,INSTITUTIONAL_OPERATION,false,the modes of discontinuing a claim,procedural_bar,SELF_SUFFICIENT_RULE,"hand label, one reader, from enacted text and legal function; NOT blind to supplementation rates; sensitivity label in function_rule_label is a mechanical map from function.py, assigned before any rate existed",28,260,6,7.3,7.3,0.0,contemporary_5y (1442-1446); rank column is 1444-1446
commercial_courts_implementing_regulation:51,commercial_courts_implementing_regulation,51,INSTITUTIONAL_OPERATION,INSTITUTIONAL_OPERATION,false,which claims must be filed by a lawyer,appeal_finality,INSTITUTIONAL_DIRECTIVE,"hand label, one reader, from enacted text and legal function; NOT blind to supplementation rates; sensitivity label in function_rule_label is a mechanical map from function.py, assigned before any rate existed",24,251,36,33.9,23.9,4.0,contemporary_5y (1442-1446); rank column is 1444-1446
commercial_courts_law:20,commercial_courts_law,20,INSTITUTIONAL_OPERATION,INSTITUTIONAL_OPERATION,false,what the claim form must contain,case_management,INSTITUTIONAL_DIRECTIVE,"hand label, one reader, from enacted text and legal function; NOT blind to supplementation rates; sensitivity label in function_rule_label is a mechanical map from function.py, assigned before any rate existed",32,237,121,5.9,3.4,1.7,contemporary_5y (1442-1446); rank column is 1444-1446
sharia_procedure_law:200,sharia_procedure_law,200,INSTITUTIONAL_OPERATION,MIXED,false,the grounds for a petition to reopen,attendance_default,SELF_SUFFICIENT_RULE,"hand label, one reader, from enacted text and legal function; NOT blind to supplementation rates; sensitivity label in function_rule_label is a mechanical map from function.py, assigned before any rate existed",30,236,131,16.5,8.5,3.0,contemporary_5y (1442-1446); rank column is 1444-1446
evidence_law:2,evidence_law,2,DISPUTE_DECISION,AMBIGUOUS,false,the claimant proves what he claims,other,SELF_SUFFICIENT_RULE,"hand label, one reader, from enacted text and legal function; NOT blind to supplementation rates; sensitivity label in function_rule_label is a mechanical map from function.py, assigned before any rate existed",26,235,82,31.9,19.1,12.3,contemporary_5y (1442-1446); rank column is 1444-1446
evidence_law:103,evidence_law,103,DISPUTE_DECISION,MIXED,false,"attendance for the oath, and نكول decides",attendance_default,SELF_SUFFICIENT_RULE,"hand label, one reader, from enacted text and legal function; NOT blind to supplementation rates; sensitivity label in function_rule_label is a mechanical map from function.py, assigned before any rate existed",27,229,17,40.6,21.4,1.7,contemporary_5y (1442-1446); rank column is 1444-1446
commercial_courts_implementing_regulation:137,commercial_courts_implementing_regulation,137,MIXED,AMBIGUOUS,false,an attendance rule whose inference bears on the contested fact,other,OPEN_TEXTURED_STANDARD,"hand label, one reader, from enacted text and legal function; NOT blind to supplementation rates; sensitivity label in function_rule_label is a mechanical map from function.py, assigned before any rate existed",29,225,0,84.4,13.3,1.3,contemporary_5y (1442-1446); rank column is 1444-1446
commercial_courts_law:17,commercial_courts_law,17,INSTITUTIONAL_OPERATION,INSTITUTIONAL_OPERATION,false,venue,jurisdiction,INSTITUTIONAL_DIRECTIVE,"hand label, one reader, from enacted text and legal function; NOT blind to supplementation rates; sensitivity label in function_rule_label is a mechanical map from function.py, assigned before any rate existed",35,206,54,23.3,19.4,0.5,contemporary_5y (1442-1446); rank column is 1444-1446
commercial_courts_law:40,commercial_courts_law,40,DISPUTE_DECISION,INSTITUTIONAL_OPERATION,true,"when an admission is judicial, and an admission decides the claim",case_management,DEFINITION_STATUS,"hand label, one reader, from enacted text and legal function; NOT blind to supplementation rates; sensitivity label in function_rule_label is a mechanical map from function.py, assigned before any rate existed",44,195,24,26.7,16.9,6.2,contemporary_5y (1442-1446); rank column is 1444-1446
commercial_courts_implementing_regulation:108,commercial_courts_implementing_regulation,108,INSTITUTIONAL_OPERATION,AMBIGUOUS,false,the urgent application is examined without the merits,other,SELF_SUFFICIENT_RULE,"hand label, one reader, from enacted text and legal function; NOT blind to supplementation rates; sensitivity label in function_rule_label is a mechanical map from function.py, assigned before any rate existed",33,187,8,5.9,0.0,0.0,contemporary_5y (1442-1446); rank column is 1444-1446
arbitration_law:8,arbitration_law,8,INSTITUTIONAL_OPERATION,INSTITUTIONAL_OPERATION,false,which court hears an annulment action,appeal_finality,INSTITUTIONAL_DIRECTIVE,"hand label, one reader, from enacted text and legal function; NOT blind to supplementation rates; sensitivity label in function_rule_label is a mechanical map from function.py, assigned before any rate existed",31,184,9,2.7,2.7,0.0,contemporary_5y (1442-1446); rank column is 1444-1446
commercial_courts_implementing_regulation:16,commercial_courts_implementing_regulation,16,INSTITUTIONAL_OPERATION,AMBIGUOUS,false,what may be delegated to the administration,other,INSTITUTIONAL_DIRECTIVE,"hand label, one reader, from enacted text and legal function; NOT blind to supplementation rates; sensitivity label in function_rule_label is a mechanical map from function.py, assigned before any rate existed",71,177,9,3.4,0.6,2.8,contemporary_5y (1442-1446); rank column is 1444-1446
commercial_courts_implementing_regulation:59,commercial_courts_implementing_regulation,59,INSTITUTIONAL_OPERATION,INSTITUTIONAL_OPERATION,false,how prior recourse to mediation is proved,case_management,INSTITUTIONAL_DIRECTIVE,"hand label, one reader, from enacted text and legal function; NOT blind to supplementation rates; sensitivity label in function_rule_label is a mechanical map from function.py, assigned before any rate existed",73,171,13,1.8,1.8,0.0,contemporary_5y (1442-1446); rank column is 1444-1446
commercial_courts_law:2,commercial_courts_law,2,INSTITUTIONAL_OPERATION,AMBIGUOUS,false,the scope of the statute and its regulation,other,DEFINITION_STATUS,"hand label, one reader, from enacted text and legal function; NOT blind to supplementation rates; sensitivity label in function_rule_label is a mechanical map from function.py, assigned before any rate existed",37,170,685,51.2,2.9,0.6,contemporary_5y (1442-1446); rank column is 1444-1446
evidence_law:26,evidence_law,26,DISPUTE_DECISION,DISPUTE_DECISION,false,the official document is conclusive against all,proof_rules,SELF_SUFFICIENT_RULE,"hand label, one reader, from enacted text and legal function; NOT blind to supplementation rates; sensitivity label in function_rule_label is a mechanical map from function.py, assigned before any rate existed",34,169,23,76.3,73.4,1.2,contemporary_5y (1442-1446); rank column is 1444-1446
companies_law:53,companies_law,53,,,,,other,,outside the classified frame (fewer than 30 court-citing judgments in 1442-1446),85,157,5,51.6,33.1,1.3,contemporary_5y (1442-1446); rank column is 1444-1446
evidence_law:18,evidence_law,18,DISPUTE_DECISION,DISPUTE_DECISION,false,an admission binds and is indivisible,proof_rules,SELF_SUFFICIENT_RULE,"hand label, one reader, from enacted text and legal function; NOT blind to supplementation rates; sensitivity label in function_rule_label is a mechanical map from function.py, assigned before any rate existed",36,153,66,39.9,32.7,2.6,contemporary_5y (1442-1446); rank column is 1444-1446
evidence_law:93,evidence_law,93,DISPUTE_DECISION,DISPUTE_DECISION,false,the oath goes to the stronger of the two litigants,proof_rules,OPEN_TEXTURED_STANDARD,"hand label, one reader, from enacted text and legal function; NOT blind to supplementation rates; sensitivity label in function_rule_label is a mechanical map from function.py, assigned before any rate existed",38,149,46,34.9,22.8,0.7,contemporary_5y (1442-1446); rank column is 1444-1446
evidence_law:122,evidence_law,122,INSTITUTIONAL_OPERATION,DISPUTE_DECISION,true,who bears the expert's fee -- costs administration,proof_rules,SELF_SUFFICIENT_RULE,"hand label, one reader, from enacted text and legal function; NOT blind to supplementation rates; sensitivity label in function_rule_label is a mechanical map from function.py, assigned before any rate existed",39,146,28,37.7,30.1,2.7,contemporary_5y (1442-1446); rank column is 1444-1446
sharia_procedure_law:30,sharia_procedure_law,30,INSTITUTIONAL_OPERATION,AMBIGUOUS,false,ancillary jurisdiction,other,OPEN_TEXTURED_STANDARD,"hand label, one reader, from enacted text and legal function; NOT blind to supplementation rates; sensitivity label in function_rule_label is a mechanical map from function.py, assigned before any rate existed",81,140,17,2.9,2.1,0.0,contemporary_5y (1442-1446); rank column is 1444-1446
companies_law:52,companies_law,52,,,,,other,,outside the classified frame (fewer than 30 court-citing judgments in 1442-1446),41,139,76,5.8,5.0,0.0,contemporary_5y (1442-1446); rank column is 1444-1446
evidence_law:92,evidence_law,92,DISPUTE_DECISION,DISPUTE_DECISION,false,defines the decisive and the supplementary oath,proof_rules,DEFINITION_STATUS,"hand label, one reader, from enacted text and legal function; NOT blind to supplementation rates; sensitivity label in function_rule_label is a mechanical map from function.py, assigned before any rate existed",42,137,19,30.7,16.8,4.4,contemporary_5y (1442-1446); rank column is 1444-1446
sharia_procedure_law:35,sharia_procedure_law,35,INSTITUTIONAL_OPERATION,INSTITUTIONAL_OPERATION,false,jurisdiction of the commercial courts,jurisdiction,INSTITUTIONAL_DIRECTIVE,"hand label, one reader, from enacted text and legal function; NOT blind to supplementation rates; sensitivity label in function_rule_label is a mechanical map from function.py, assigned before any rate existed",54,132,12,9.1,3.8,0.0,contemporary_5y (1442-1446); rank column is 1444-1446
commercial_courts_law:8,commercial_courts_law,8,INSTITUTIONAL_OPERATION,AMBIGUOUS,false,delegation of procedures to the implementing regulation,other,INSTITUTIONAL_DIRECTIVE,"hand label, one reader, from enacted text and legal function; NOT blind to supplementation rates; sensitivity label in function_rule_label is a mechanical map from function.py, assigned before any rate existed",67,131,17,6.9,3.1,2.3,contemporary_5y (1442-1446); rank column is 1444-1446
commercial_courts_law:19,commercial_courts_law,19,INSTITUTIONAL_OPERATION,INSTITUTIONAL_OPERATION,false,the fifteen-day pre-action notice,case_management,INSTITUTIONAL_DIRECTIVE,"hand label, one reader, from enacted text and legal function; NOT blind to supplementation rates; sensitivity label in function_rule_label is a mechanical map from function.py, assigned before any rate existed",83,126,332,3.2,2.4,0.8,contemporary_5y (1442-1446); rank column is 1444-1446
commercial_courts_implementing_regulation:90,commercial_courts_implementing_regulation,90,INSTITUTIONAL_OPERATION,INSTITUTIONAL_OPERATION,false,the agenda of the preparatory hearing,case_management,INSTITUTIONAL_DIRECTIVE,"hand label, one reader, from enacted text and legal function; NOT blind to supplementation rates; sensitivity label in function_rule_label is a mechanical map from function.py, assigned before any rate existed",60,126,4974,19.0,14.3,2.4,contemporary_5y (1442-1446); rank column is 1444-1446
commercial_courts_implementing_regulation:56,commercial_courts_implementing_regulation,56,INSTITUTIONAL_OPERATION,AMBIGUOUS,false,claims filed contrary to arts. 51-52 are inadmissible,other,SELF_SUFFICIENT_RULE,"hand label, one reader, from enacted text and legal function; NOT blind to supplementation rates; sensitivity label in function_rule_label is a mechanical map from function.py, assigned before any rate existed",46,125,4,32.0,20.0,6.4,contemporary_5y (1442-1446); rank column is 1444-1446
evidence_law:97,evidence_law,97,DISPUTE_DECISION,DISPUTE_DECISION,false,"the decisive oath, its return, and نكول",proof_rules,SELF_SUFFICIENT_RULE,"hand label, one reader, from enacted text and legal function; NOT blind to supplementation rates; sensitivity label in function_rule_label is a mechanical map from function.py, assigned before any rate existed",45,125,13,38.4,11.2,2.4,contemporary_5y (1442-1446); rank column is 1444-1446
evidence_law:98,evidence_law,98,DISPUTE_DECISION,DISPUTE_DECISION,false,"swearing wins, نكول loses",proof_rules,SELF_SUFFICIENT_RULE,"hand label, one reader, from enacted text and legal function; NOT blind to supplementation rates; sensitivity label in function_rule_label is a mechanical map from function.py, assigned before any rate existed",47,120,6,38.3,15.8,5.8,contemporary_5y (1442-1446); rank column is 1444-1446
sharia_procedure_law:41,sharia_procedure_law,41,INSTITUTIONAL_OPERATION,INSTITUTIONAL_OPERATION,false,what the claim form must contain,case_management,INSTITUTIONAL_DIRECTIVE,"hand label, one reader, from enacted text and legal function; NOT blind to supplementation rates; sensitivity label in function_rule_label is a mechanical map from function.py, assigned before any rate existed",69,117,58,3.4,3.4,0.0,contemporary_5y (1442-1446); rank column is 1444-1446
civil_transactions_law:120,civil_transactions_law,120,DISPUTE_DECISION,AMBIGUOUS,false,the general tort clause,other,OPEN_TEXTURED_STANDARD,"hand label, one reader, from enacted text and legal function; NOT blind to supplementation rates; sensitivity label in function_rule_label is a mechanical map from function.py, assigned before any rate existed",48,116,31,28.4,10.3,6.0,contemporary_5y (1442-1446); rank column is 1444-1446
sharia_procedure_law:128,sharia_procedure_law,128,INSTITUTIONAL_OPERATION,DISPUTE_DECISION,false,the appointment of an expert,proof_rules,DUTY_OR_POWER_WITHOUT_DECISION_RULE,"hand label, one reader, from enacted text and legal function; NOT blind to supplementation rates; sensitivity label in function_rule_label is a mechanical map from function.py, assigned before any rate existed",56,116,3,69.0,56.0,1.7,contemporary_5y (1442-1446); rank column is 1444-1446
evidence_law:16,evidence_law,16,DISPUTE_DECISION,DISPUTE_DECISION,false,the forms of admission and when it is not accepted,proof_rules,OPEN_TEXTURED_STANDARD,"hand label, one reader, from enacted text and legal function; NOT blind to supplementation rates; sensitivity label in function_rule_label is a mechanical map from function.py, assigned before any rate existed",50,114,40,34.2,22.8,1.8,contemporary_5y (1442-1446); rank column is 1444-1446
evidence_law:105,evidence_law,105,DISPUTE_DECISION,DISPUTE_DECISION,false,"incomplete proof, supplementary oath, judgment follows",proof_rules,SELF_SUFFICIENT_RULE,"hand label, one reader, from enacted text and legal function; NOT blind to supplementation rates; sensitivity label in function_rule_label is a mechanical map from function.py, assigned before any rate existed",49,114,25,35.1,26.3,4.4,contemporary_5y (1442-1446); rank column is 1444-1446
sharia_procedure_law:66,sharia_procedure_law,66,INSTITUTIONAL_OPERATION,AMBIGUOUS,false,the judge must have the claim stated before proceeding,other,SELF_SUFFICIENT_RULE,"hand label, one reader, from enacted text and legal function; NOT blind to supplementation rates; sensitivity label in function_rule_label is a mechanical map from function.py, assigned before any rate existed",58,113,151,34.5,30.1,0.0,contemporary_5y (1442-1446); rank column is 1444-1446
evidence_law:22,evidence_law,22,INSTITUTIONAL_OPERATION,AMBIGUOUS,false,who is interrogated where a party lacks capacity,other,SELF_SUFFICIENT_RULE,"hand label, one reader, from enacted text and legal function; NOT blind to supplementation rates; sensitivity label in function_rule_label is a mechanical map from function.py, assigned before any rate existed",51,112,7,38.4,27.7,0.0,contemporary_5y (1442-1446); rank column is 1444-1446
commercial_courts_implementing_regulation:215,commercial_courts_implementing_regulation,215,INSTITUTIONAL_OPERATION,INSTITUTIONAL_OPERATION,false,which appeals are heard without a hearing,appeal_finality,INSTITUTIONAL_DIRECTIVE,"hand label, one reader, from enacted text and legal function; NOT blind to supplementation rates; sensitivity label in function_rule_label is a mechanical map from function.py, assigned before any rate existed",52,109,1,33.9,27.5,4.6,contemporary_5y (1442-1446); rank column is 1444-1446
companies_law:152,companies_law,152,,,,,other,,outside the classified frame (fewer than 30 court-citing judgments in 1442-1446),53,108,53,2.8,2.8,0.0,contemporary_5y (1442-1446); rank column is 1444-1446
trade_names_law:9,trade_names_law,9,,,,,,,outside the classified frame (fewer than 30 court-citing judgments in 1442-1446),57,108,69,31.5,11.1,1.9,contemporary_5y (1442-1446); rank column is 1444-1446
commercial_courts_law:215,commercial_courts_law,215,,,,,,,outside the classified frame (fewer than 30 court-citing judgments in 1442-1446),55,107,0,27.1,14.0,2.8,contemporary_5y (1442-1446); rank column is 1444-1446
sharia_procedure_law:78,sharia_procedure_law,78,INSTITUTIONAL_OPERATION,AMBIGUOUS,false,the duty to transfer to the competent court,other,INSTITUTIONAL_DIRECTIVE,"hand label, one reader, from enacted text and legal function; NOT blind to supplementation rates; sensitivity label in function_rule_label is a mechanical map from function.py, assigned before any rate existed",61,98,12,37.8,33.7,2.0,contemporary_5y (1442-1446); rank column is 1444-1446
sharia_procedure_law:73,sharia_procedure_law,73,INSTITUTIONAL_OPERATION,AMBIGUOUS,false,conduct of the hearing,other,INSTITUTIONAL_DIRECTIVE,"hand label, one reader, from enacted text and legal function; NOT blind to supplementation rates; sensitivity label in function_rule_label is a mechanical map from function.py, assigned before any rate existed",62,97,43,68.0,66.0,1.0,contemporary_5y (1442-1446); rank column is 1444-1446
commercial_courts_implementing_regulation:240,commercial_courts_implementing_regulation,240,INSTITUTIONAL_OPERATION,AMBIGUOUS,false,mediation before small claims,other,INSTITUTIONAL_DIRECTIVE,"hand label, one reader, from enacted text and legal function; NOT blind to supplementation rates; sensitivity label in function_rule_label is a mechanical map from function.py, assigned before any rate existed",,96,14,3.1,3.1,3.1,contemporary_5y (1442-1446); rank column is 1444-1446
commercial_courts_implementing_regulation:81,commercial_courts_implementing_regulation,81,INSTITUTIONAL_OPERATION,AMBIGUOUS,false,the defence memo and its deadline,other,INSTITUTIONAL_DIRECTIVE,"hand label, one reader, from enacted text and legal function; NOT blind to supplementation rates; sensitivity label in function_rule_label is a mechanical map from function.py, assigned before any rate existed",59,94,5,28.7,5.3,0.0,contemporary_5y (1442-1446); rank column is 1444-1446
commercial_courts_law:36,commercial_courts_law,36,INSTITUTIONAL_OPERATION,DISPUTE_DECISION,false,what counts as an urgent application,enforcement,DEFINITION_STATUS,"hand label, one reader, from enacted text and legal function; NOT blind to supplementation rates; sensitivity label in function_rule_label is a mechanical map from function.py, assigned before any rate existed",68,92,55,2.2,0.0,0.0,contemporary_5y (1442-1446); rank column is 1444-1446
commercial_courts_implementing_regulation:243,commercial_courts_implementing_regulation,243,INSTITUTIONAL_OPERATION,INSTITUTIONAL_OPERATION,false,the small-claims defence memo and its deadline,case_management,INSTITUTIONAL_DIRECTIVE,"hand label, one reader, from enacted text and legal function; NOT blind to supplementation rates; sensitivity label in function_rule_label is a mechanical map from function.py, assigned before any rate existed",66,88,27,31.8,19.3,9.1,contemporary_5y (1442-1446); rank column is 1444-1446
sharia_procedure_law:16,sharia_procedure_law,16,INSTITUTIONAL_OPERATION,INSTITUTIONAL_OPERATION,false,when service is validly effected,service_notice,SELF_SUFFICIENT_RULE,"hand label, one reader, from enacted text and legal function; NOT blind to supplementation rates; sensitivity label in function_rule_label is a mechanical map from function.py, assigned before any rate existed",,88,1,4.5,3.4,0.0,contemporary_5y (1442-1446); rank column is 1444-1446
evidence_law:109,evidence_law,109,INSTITUTIONAL_OPERATION,AMBIGUOUS,false,inspection and the appointment of an expert,other,DUTY_OR_POWER_WITHOUT_DECISION_RULE,"hand label, one reader, from enacted text and legal function; NOT blind to supplementation rates; sensitivity label in function_rule_label is a mechanical map from function.py, assigned before any rate existed",63,85,12,45.9,0.0,0.0,contemporary_5y (1442-1446); rank column is 1444-1446
evidence_law:5,evidence_law,5,DISPUTE_DECISION,DISPUTE_DECISION,false,no particular form is required to prove an obligation,obligation,SELF_SUFFICIENT_RULE,"hand label, one reader, from enacted text and legal function; NOT blind to supplementation rates; sensitivity label in function_rule_label is a mechanical map from function.py, assigned before any rate existed",64,84,17,6.0,1.2,2.4,contemporary_5y (1442-1446); rank column is 1444-1446
evidence_law:31,evidence_law,31,DISPUTE_DECISION,DISPUTE_DECISION,false,the evidentiary weight of traders' books,proof_rules,SELF_SUFFICIENT_RULE,"hand label, one reader, from enacted text and legal function; NOT blind to supplementation rates; sensitivity label in function_rule_label is a mechanical map from function.py, assigned before any rate existed",65,82,28,37.8,25.6,4.9,contemporary_5y (1442-1446); rank column is 1444-1446
commercial_courts_law:21,commercial_courts_law,21,INSTITUTIONAL_OPERATION,INSTITUTIONAL_OPERATION,false,registration of the claim and completion of defects,case_management,INSTITUTIONAL_DIRECTIVE,"hand label, one reader, from enacted text and legal function; NOT blind to supplementation rates; sensitivity label in function_rule_label is a mechanical map from function.py, assigned before any rate existed",94,79,25,0.0,0.0,0.0,contemporary_5y (1442-1446); rank column is 1444-1446
sharia_procedure_law:67,sharia_procedure_law,67,DISPUTE_DECISION,AMBIGUOUS,false,refusal to answer is نكول and the Shariah consequence follows,other,EXTERNAL_REFERRAL,"hand label, one reader, from enacted text and legal function; NOT blind to supplementation rates; sensitivity label in function_rule_label is a mechanical map from function.py, assigned before any rate existed",74,78,37,25.6,20.5,3.8,contemporary_5y (1442-1446); rank column is 1444-1446
commercial_courts_implementing_regulation:21,commercial_courts_implementing_regulation,21,INSTITUTIONAL_OPERATION,DISPUTE_DECISION,false,the obligations of an adviser to the court,obligation,INSTITUTIONAL_DIRECTIVE,"hand label, one reader, from enacted text and legal function; NOT blind to supplementation rates; sensitivity label in function_rule_label is a mechanical map from function.py, assigned before any rate existed",,77,2,3.9,0.0,0.0,contemporary_5y (1442-1446); rank column is 1444-1446
arbitration_law:11,arbitration_law,11,INSTITUTIONAL_OPERATION,INSTITUTIONAL_OPERATION,false,admissibility gateway: the court must decline when the arbitration agreement is pleaded in time,procedural_bar,SELF_SUFFICIENT_RULE,"hand label, one reader, from enacted text and legal function; NOT blind to supplementation rates; sensitivity label in function_rule_label is a mechanical map from function.py, assigned before any rate existed",86,76,41,9.2,9.2,5.3,contemporary_5y (1442-1446); rank column is 1444-1446
commercial_courts_implementing_regulation:76,commercial_courts_implementing_regulation,76,INSTITUTIONAL_OPERATION,INSTITUTIONAL_OPERATION,false,what the claim form must contain,case_management,INSTITUTIONAL_DIRECTIVE,"hand label, one reader, from enacted text and legal function; NOT blind to supplementation rates; sensitivity label in function_rule_label is a mechanical map from function.py, assigned before any rate existed",75,76,20,3.9,1.3,0.0,contemporary_5y (1442-1446); rank column is 1444-1446
sharia_procedure_law:75,sharia_procedure_law,75,INSTITUTIONAL_OPERATION,INSTITUTIONAL_OPERATION,false,pleas that must be raised first or are waived,jurisdiction,SELF_SUFFICIENT_RULE,"hand label, one reader, from enacted text and legal function; NOT blind to supplementation rates; sensitivity label in function_rule_label is a mechanical map from function.py, assigned before any rate existed",87,73,48,9.6,8.2,0.0,contemporary_5y (1442-1446); rank column is 1444-1446
commercial_courts_implementing_regulation:133,commercial_courts_implementing_regulation,133,MIXED,DISPUTE_DECISION,false,an evidentiary bar that also decides who may be put to the oath,proof_rules,SELF_SUFFICIENT_RULE,"hand label, one reader, from enacted text and legal function; NOT blind to supplementation rates; sensitivity label in function_rule_label is a mechanical map from function.py, assigned before any rate existed",76,72,7,47.2,30.6,4.2,contemporary_5y (1442-1446); rank column is 1444-1446
civil_transactions_law:720,civil_transactions_law,720,DISPUTE_DECISION,DISPUTE_DECISION,false,"the کلية maxims, applied to the substance",damages,EXTERNAL_REFERRAL,"hand label, one reader, from enacted text and legal function; NOT blind to supplementation rates; sensitivity label in function_rule_label is a mechanical map from function.py, assigned before any rate existed",70,72,9,16.7,4.2,11.1,contemporary_5y (1442-1446); rank column is 1444-1446
commercial_courts_implementing_regulation:8,commercial_courts_implementing_regulation,8,INSTITUTIONAL_OPERATION,AMBIGUOUS,true,agreements the procedural statute refers to must be written,other,SELF_SUFFICIENT_RULE,"hand label, one reader, from enacted text and legal function; NOT blind to supplementation rates; sensitivity label in function_rule_label is a mechanical map from function.py, assigned before any rate existed",,72,4,0.0,0.0,0.0,contemporary_5y (1442-1446); rank column is 1444-1446
commercial_courts_implementing_regulation:69,commercial_courts_implementing_regulation,69,INSTITUTIONAL_OPERATION,AMBIGUOUS,false,which claims require a pre-action notice,other,INSTITUTIONAL_DIRECTIVE,"hand label, one reader, from enacted text and legal function; NOT blind to supplementation rates; sensitivity label in function_rule_label is a mechanical map from function.py, assigned before any rate existed",,71,25,4.2,4.2,0.0,contemporary_5y (1442-1446); rank column is 1444-1446
law_practice_implementing_regulation:28,law_practice_implementing_regulation,28,,,,,,,outside the classified frame (fewer than 30 court-citing judgments in 1442-1446),77,70,15,50.0,45.7,4.3,contemporary_5y (1442-1446); rank column is 1444-1446
commercial_courts_implementing_regulation:104,commercial_courts_implementing_regulation,104,INSTITUTIONAL_OPERATION,AMBIGUOUS,false,claimant absent from the urgent hearing,other,SELF_SUFFICIENT_RULE,"hand label, one reader, from enacted text and legal function; NOT blind to supplementation rates; sensitivity label in function_rule_label is a mechanical map from function.py, assigned before any rate existed",82,70,5,0.0,0.0,0.0,contemporary_5y (1442-1446); rank column is 1444-1446
arbitration_law:51,arbitration_law,51,INSTITUTIONAL_OPERATION,DISPUTE_DECISION,false,the sixty-day period and the route of appeal,arbitration,INSTITUTIONAL_DIRECTIVE,"hand label, one reader, from enacted text and legal function; NOT blind to supplementation rates; sensitivity label in function_rule_label is a mechanical map from function.py, assigned before any rate existed",72,70,5,4.3,4.3,0.0,contemporary_5y (1442-1446); rank column is 1444-1446
commercial_courts_law:3,commercial_courts_law,3,INSTITUTIONAL_OPERATION,AMBIGUOUS,false,what the Supreme Judicial Council decides about courts and chambers,other,INSTITUTIONAL_DIRECTIVE,"hand label, one reader, from enacted text and legal function; NOT blind to supplementation rates; sensitivity label in function_rule_label is a mechanical map from function.py, assigned before any rate existed",80,67,6,35.8,28.4,3.0,contemporary_5y (1442-1446); rank column is 1444-1446
sharia_procedure_implementing_regulation:78,sharia_procedure_implementing_regulation,78,,,,,,,outside the classified frame (fewer than 30 court-citing judgments in 1442-1446),78,65,5,36.9,23.1,1.5,contemporary_5y (1442-1446); rank column is 1444-1446
sharia_procedure_law:1,sharia_procedure_law,1,AMBIGUOUS,AMBIGUOUS,true,the courts apply the Shariah: at once the court's mandate and the choice of the law that decides,other,EXTERNAL_REFERRAL,"hand label, one reader, from enacted text and legal function; NOT blind to supplementation rates; sensitivity label in function_rule_label is a mechanical map from function.py, assigned before any rate existed",99,65,19,13.8,13.8,0.0,contemporary_5y (1442-1446); rank column is 1444-1446
commercial_courts_law:58,commercial_courts_law,58,INSTITUTIONAL_OPERATION,INSTITUTIONAL_OPERATION,false,closing and reopening pleadings,case_management,OPEN_TEXTURED_STANDARD,"hand label, one reader, from enacted text and legal function; NOT blind to supplementation rates; sensitivity label in function_rule_label is a mechanical map from function.py, assigned before any rate existed",92,64,754,40.6,28.1,7.8,contemporary_5y (1442-1446); rank column is 1444-1446
commercial_courts_law:164,commercial_courts_law,164,,,,,,,outside the classified frame (fewer than 30 court-citing judgments in 1442-1446),84,62,34,59.7,53.2,1.6,contemporary_5y (1442-1446); rank column is 1444-1446
commercial_courts_implementing_regulation:245,commercial_courts_implementing_regulation,245,INSTITUTIONAL_OPERATION,INSTITUTIONAL_OPERATION,false,preclusion after the preparatory hearing,case_management,SELF_SUFFICIENT_RULE,"hand label, one reader, from enacted text and legal function; NOT blind to supplementation rates; sensitivity label in function_rule_label is a mechanical map from function.py, assigned before any rate existed",79,61,30,14.8,11.5,0.0,contemporary_5y (1442-1446); rank column is 1444-1446
sharia_procedure_law:68,sharia_procedure_law,68,INSTITUTIONAL_OPERATION,AMBIGUOUS,false,an adjournment to reply,other,OPEN_TEXTURED_STANDARD,"hand label, one reader, from enacted text and legal function; NOT blind to supplementation rates; sensitivity label in function_rule_label is a mechanical map from function.py, assigned before any rate existed",89,61,7,24.6,19.7,0.0,contemporary_5y (1442-1446); rank column is 1444-1446
sharia_procedure_law:11,sharia_procedure_law,11,INSTITUTIONAL_OPERATION,INSTITUTIONAL_OPERATION,false,service by bailiff and by electronic means,service_notice,INSTITUTIONAL_DIRECTIVE,"hand label, one reader, from enacted text and legal function; NOT blind to supplementation rates; sensitivity label in function_rule_label is a mechanical map from function.py, assigned before any rate existed",,60,7,0.0,0.0,0.0,contemporary_5y (1442-1446); rank column is 1444-1446
law_practice_law:28,law_practice_law,28,DISPUTE_DECISION,AMBIGUOUS,false,the fee where the lawyer has died,other,OPEN_TEXTURED_STANDARD,"hand label, one reader, from enacted text and legal function; NOT blind to supplementation rates; sensitivity label in function_rule_label is a mechanical map from function.py, assigned before any rate existed",90,60,6,60.0,43.3,0.0,contemporary_5y (1442-1446); rank column is 1444-1446
commercial_courts_implementing_regulation:237,commercial_courts_implementing_regulation,237,INSTITUTIONAL_OPERATION,AMBIGUOUS,false,defines the small-claims track,other,DEFINITION_STATUS,"hand label, one reader, from enacted text and legal function; NOT blind to supplementation rates; sensitivity label in function_rule_label is a mechanical map from function.py, assigned before any rate existed",,58,2,12.1,6.9,6.9,contemporary_5y (1442-1446); rank column is 1444-1446
commercial_courts_implementing_regulation:31,commercial_courts_implementing_regulation,31,INSTITUTIONAL_OPERATION,INSTITUTIONAL_OPERATION,false,jurisdiction by claim value,jurisdiction,INSTITUTIONAL_DIRECTIVE,"hand label, one reader, from enacted text and legal function; NOT blind to supplementation rates; sensitivity label in function_rule_label is a mechanical map from function.py, assigned before any rate existed",93,56,34,5.4,0.0,0.0,contemporary_5y (1442-1446); rank column is 1444-1446
arbitration_law:50,arbitration_law,50,DISPUTE_DECISION,DISPUTE_DECISION,true,"the grounds decide the annulment action, which is the dispute before this court",arbitration,SELF_SUFFICIENT_RULE,"hand label, one reader, from enacted text and legal function; NOT blind to supplementation rates; sensitivity label in function_rule_label is a mechanical map from function.py, assigned before any rate existed",88,53,32,13.2,13.2,0.0,contemporary_5y (1442-1446); rank column is 1444-1446
arbitration_implementing_regulation:9,arbitration_implementing_regulation,9,,,,,,,outside the classified frame (fewer than 30 court-citing judgments in 1442-1446),91,50,27,0.0,0.0,0.0,contemporary_5y (1442-1446); rank column is 1444-1446
companies_law:153,companies_law,153,,,,,other,,outside the classified frame (fewer than 30 court-citing judgments in 1442-1446),,48,45,75.0,43.8,2.1,contemporary_5y (1442-1446); rank column is 1444-1446
commercial_courts_law:86,commercial_courts_law,86,INSTITUTIONAL_OPERATION,AMBIGUOUS,false,refers the retrial grounds to the Sharia Procedure Law,other,INSTITUTIONAL_DIRECTIVE,"hand label, one reader, from enacted text and legal function; NOT blind to supplementation rates; sensitivity label in function_rule_label is a mechanical map from function.py, assigned before any rate existed",98,47,10,17.0,8.5,2.1,contemporary_5y (1442-1446); rank column is 1444-1446
commercial_courts_implementing_regulation:77,commercial_courts_implementing_regulation,77,INSTITUTIONAL_OPERATION,INSTITUTIONAL_OPERATION,false,unrelated claims in one form are inadmissible,procedural_bar,SELF_SUFFICIENT_RULE,"hand label, one reader, from enacted text and legal function; NOT blind to supplementation rates; sensitivity label in function_rule_label is a mechanical map from function.py, assigned before any rate existed",100,46,21,6.5,6.5,2.2,contemporary_5y (1442-1446); rank column is 1444-1446
commercial_courts_law:73,commercial_courts_law,73,INSTITUTIONAL_OPERATION,AMBIGUOUS,false,delegation to the implementing regulation,other,INSTITUTIONAL_DIRECTIVE,"hand label, one reader, from enacted text and legal function; NOT blind to supplementation rates; sensitivity label in function_rule_label is a mechanical map from function.py, assigned before any rate existed",95,46,0,37.0,19.6,0.0,contemporary_5y (1442-1446); rank column is 1444-1446
commercial_courts_implementing_regulation:52,commercial_courts_implementing_regulation,52,INSTITUTIONAL_OPERATION,INSTITUTIONAL_OPERATION,false,petitions must be filed by a lawyer,appeal_finality,INSTITUTIONAL_DIRECTIVE,"hand label, one reader, from enacted text and legal function; NOT blind to supplementation rates; sensitivity label in function_rule_label is a mechanical map from function.py, assigned before any rate existed",,45,4,6.7,2.2,0.0,contemporary_5y (1442-1446); rank column is 1444-1446
arbitration_law:5,arbitration_law,5,DISPUTE_DECISION,DISPUTE_DECISION,false,fixes the rules governing the parties' relationship,arbitration,EXTERNAL_REFERRAL,"hand label, one reader, from enacted text and legal function; NOT blind to supplementation rates; sensitivity label in function_rule_label is a mechanical map from function.py, assigned before any rate existed",,45,7,0.0,0.0,0.0,contemporary_5y (1442-1446); rank column is 1444-1446
commercial_courts_implementing_regulation:37,commercial_courts_implementing_regulation,37,DISPUTE_DECISION,AMBIGUOUS,false,"when limitation starts to run, which can defeat the right",other,SELF_SUFFICIENT_RULE,"hand label, one reader, from enacted text and legal function; NOT blind to supplementation rates; sensitivity label in function_rule_label is a mechanical map from function.py, assigned before any rate existed",96,45,2,0.0,0.0,0.0,contemporary_5y (1442-1446); rank column is 1444-1446
commercial_courts_implementing_regulation:208,commercial_courts_implementing_regulation,208,INSTITUTIONAL_OPERATION,INSTITUTIONAL_OPERATION,false,the effect of an inadmissible appeal on finality,appeal_finality,SELF_SUFFICIENT_RULE,"hand label, one reader, from enacted text and legal function; NOT blind to supplementation rates; sensitivity label in function_rule_label is a mechanical map from function.py, assigned before any rate existed",97,43,1,46.5,37.2,2.3,contemporary_5y (1442-1446); rank column is 1444-1446
commercial_courts_implementing_regulation:70,commercial_courts_implementing_regulation,70,INSTITUTIONAL_OPERATION,AMBIGUOUS,false,what the pre-action notice must contain,other,INSTITUTIONAL_DIRECTIVE,"hand label, one reader, from enacted text and legal function; NOT blind to supplementation rates; sensitivity label in function_rule_label is a mechanical map from function.py, assigned before any rate existed",,43,31,4.7,4.7,0.0,contemporary_5y (1442-1446); rank column is 1444-1446
commercial_courts_implementing_regulation:102,commercial_courts_implementing_regulation,102,INSTITUTIONAL_OPERATION,AMBIGUOUS,false,contents of an urgent application,other,INSTITUTIONAL_DIRECTIVE,"hand label, one reader, from enacted text and legal function; NOT blind to supplementation rates; sensitivity label in function_rule_label is a mechanical map from function.py, assigned before any rate existed",,42,12,4.8,0.0,0.0,contemporary_5y (1442-1446); rank column is 1444-1446
commercial_courts_law:27,commercial_courts_law,27,INSTITUTIONAL_OPERATION,AMBIGUOUS,false,adjournment of the hearing,other,OPEN_TEXTURED_STANDARD,"hand label, one reader, from enacted text and legal function; NOT blind to supplementation rates; sensitivity label in function_rule_label is a mechanical map from function.py, assigned before any rate existed",,41,6,14.6,12.2,2.4,contemporary_5y (1442-1446); rank column is 1444-1446
commercial_courts_implementing_regulation:71,commercial_courts_implementing_regulation,71,INSTITUTIONAL_OPERATION,INSTITUTIONAL_OPERATION,false,when the pre-action notice is effected,case_management,INSTITUTIONAL_DIRECTIVE,"hand label, one reader, from enacted text and legal function; NOT blind to supplementation rates; sensitivity label in function_rule_label is a mechanical map from function.py, assigned before any rate existed",,40,23,12.5,10.0,0.0,contemporary_5y (1442-1446); rank column is 1444-1446
sharia_procedure_law:93,sharia_procedure_law,93,MIXED,INSTITUTIONAL_OPERATION,false,discontinuance annuls the procedure but not the right,case_management,SELF_SUFFICIENT_RULE,"hand label, one reader, from enacted text and legal function; NOT blind to supplementation rates; sensitivity label in function_rule_label is a mechanical map from function.py, assigned before any rate existed",,39,3,10.3,10.3,0.0,contemporary_5y (1442-1446); rank column is 1444-1446
sharia_procedure_law:205,sharia_procedure_law,205,MIXED,AMBIGUOUS,false,interim relief: a procedural order with substantive effect,other,OPEN_TEXTURED_STANDARD,"hand label, one reader, from enacted text and legal function; NOT blind to supplementation rates; sensitivity label in function_rule_label is a mechanical map from function.py, assigned before any rate existed",,39,8,2.6,0.0,0.0,contemporary_5y (1442-1446); rank column is 1444-1446
evidence_law:36,evidence_law,36,MIXED,AMBIGUOUS,false,"an order to produce, on conditions that bear on the merits",other,OPEN_TEXTURED_STANDARD,"hand label, one reader, from enacted text and legal function; NOT blind to supplementation rates; sensitivity label in function_rule_label is a mechanical map from function.py, assigned before any rate existed",,38,20,55.3,0.0,0.0,contemporary_5y (1442-1446); rank column is 1444-1446
evidence_law:39,evidence_law,39,DISPUTE_DECISION,DISPUTE_DECISION,false,who bears the burden on forgery and on denial,proof_rules,SELF_SUFFICIENT_RULE,"hand label, one reader, from enacted text and legal function; NOT blind to supplementation rates; sensitivity label in function_rule_label is a mechanical map from function.py, assigned before any rate existed",,38,18,34.2,10.5,0.0,contemporary_5y (1442-1446); rank column is 1444-1446
bankruptcy_law:7,bankruptcy_law,7,DISPUTE_DECISION,DISPUTE_DECISION,false,liquidation conditions and joint liability for the shortfall,corporate,SELF_SUFFICIENT_RULE,"hand label, one reader, from enacted text and legal function; NOT blind to supplementation rates; sensitivity label in function_rule_label is a mechanical map from function.py, assigned before any rate existed",,38,13,0.0,0.0,0.0,contemporary_5y (1442-1446); rank column is 1444-1446
sharia_procedure_law:83,sharia_procedure_law,83,INSTITUTIONAL_OPERATION,AMBIGUOUS,false,what incidental claims may be added,other,SELF_SUFFICIENT_RULE,"hand label, one reader, from enacted text and legal function; NOT blind to supplementation rates; sensitivity label in function_rule_label is a mechanical map from function.py, assigned before any rate existed",,38,40,2.6,2.6,0.0,contemporary_5y (1442-1446); rank column is 1444-1446
sharia_procedure_implementing_regulation:92,sharia_procedure_implementing_regulation,92,,,,,,,outside the classified frame (fewer than 30 court-citing judgments in 1442-1446),,37,6,0.0,0.0,0.0,contemporary_5y (1442-1446); rank column is 1444-1446
commercial_courts_law:82,commercial_courts_law,82,INSTITUTIONAL_OPERATION,INSTITUTIONAL_OPERATION,false,what the appeal transfers,appeal_finality,INSTITUTIONAL_DIRECTIVE,"hand label, one reader, from enacted text and legal function; NOT blind to supplementation rates; sensitivity label in function_rule_label is a mechanical map from function.py, assigned before any rate existed",,37,3,32.4,27.0,0.0,contemporary_5y (1442-1446); rank column is 1444-1446
commercial_courts_law:31,commercial_courts_law,31,MIXED,INSTITUTIONAL_OPERATION,false,"claimant's absence: striking out, or judgment on the merits",case_management,OPEN_TEXTURED_STANDARD,"hand label, one reader, from enacted text and legal function; NOT blind to supplementation rates; sensitivity label in function_rule_label is a mechanical map from function.py, assigned before any rate existed",,36,115,22.2,5.6,8.3,contemporary_5y (1442-1446); rank column is 1444-1446
commercial_courts_implementing_regulation:204,commercial_courts_implementing_regulation,204,INSTITUTIONAL_OPERATION,AMBIGUOUS,false,what the appellate judgment must state,other,OPEN_TEXTURED_STANDARD,"hand label, one reader, from enacted text and legal function; NOT blind to supplementation rates; sensitivity label in function_rule_label is a mechanical map from function.py, assigned before any rate existed",,36,0,22.2,13.9,2.8,contemporary_5y (1442-1446); rank column is 1444-1446
arbitration_law:15,arbitration_law,15,INSTITUTIONAL_OPERATION,DISPUTE_DECISION,false,appointment of arbitrators and the deadlines for it,arbitration,INSTITUTIONAL_DIRECTIVE,"hand label, one reader, from enacted text and legal function; NOT blind to supplementation rates; sensitivity label in function_rule_label is a mechanical map from function.py, assigned before any rate existed",,35,15,0.0,0.0,0.0,contemporary_5y (1442-1446); rank column is 1444-1446
sharia_procedure_law:108,sharia_procedure_law,108,DISPUTE_DECISION,DISPUTE_DECISION,false,the admission binds its maker alone,proof_rules,SELF_SUFFICIENT_RULE,"hand label, one reader, from enacted text and legal function; NOT blind to supplementation rates; sensitivity label in function_rule_label is a mechanical map from function.py, assigned before any rate existed",,34,5,67.6,67.6,0.0,contemporary_5y (1442-1446); rank column is 1444-1446
civil_transactions_law:107,civil_transactions_law,107,DISPUTE_DECISION,DISPUTE_DECISION,false,"termination, performance and damages",obligation,OPEN_TEXTURED_STANDARD,"hand label, one reader, from enacted text and legal function; NOT blind to supplementation rates; sensitivity label in function_rule_label is a mechanical map from function.py, assigned before any rate existed",,34,17,29.4,5.9,11.8,contemporary_5y (1442-1446); rank column is 1444-1446
sharia_procedure_law:113,sharia_procedure_law,113,DISPUTE_DECISION,MIXED,false,"attendance for the oath, and نكول decides",attendance_default,SELF_SUFFICIENT_RULE,"hand label, one reader, from enacted text and legal function; NOT blind to supplementation rates; sensitivity label in function_rule_label is a mechanical map from function.py, assigned before any rate existed",,33,6,15.2,9.1,0.0,contemporary_5y (1442-1446); rank column is 1444-1446
evidence_law:86,evidence_law,86,MIXED,AMBIGUOUS,true,res judicata: a bar to the claim and a decision on the right,other,SELF_SUFFICIENT_RULE,"hand label, one reader, from enacted text and legal function; NOT blind to supplementation rates; sensitivity label in function_rule_label is a mechanical map from function.py, assigned before any rate existed",,33,38,24.2,24.2,0.0,contemporary_5y (1442-1446); rank column is 1444-1446
arbitration_law:55,arbitration_law,55,DISPUTE_DECISION,DISPUTE_DECISION,true,"decides whether the award is enforceable, the relief sought",arbitration,EXTERNAL_REFERRAL,"hand label, one reader, from enacted text and legal function; NOT blind to supplementation rates; sensitivity label in function_rule_label is a mechanical map from function.py, assigned before any rate existed",,32,1,0.0,0.0,0.0,contemporary_5y (1442-1446); rank column is 1444-1446
sharia_procedure_law:36,sharia_procedure_law,36,INSTITUTIONAL_OPERATION,AMBIGUOUS,false,venue by the defendant's residence,other,INSTITUTIONAL_DIRECTIVE,"hand label, one reader, from enacted text and legal function; NOT blind to supplementation rates; sensitivity label in function_rule_label is a mechanical map from function.py, assigned before any rate existed",,32,18,34.4,28.1,0.0,contemporary_5y (1442-1446); rank column is 1444-1446
evidence_law:40,evidence_law,40,MIXED,DISPUTE_DECISION,false,"the verification procedure, triggered by the court's view of the proof",proof_rules,OPEN_TEXTURED_STANDARD,"hand label, one reader, from enacted text and legal function; NOT blind to supplementation rates; sensitivity label in function_rule_label is a mechanical map from function.py, assigned before any rate existed",,31,15,51.6,32.3,3.2,contemporary_5y (1442-1446); rank column is 1444-1446
evidence_law:30,evidence_law,30,DISPUTE_DECISION,DISPUTE_DECISION,false,signed correspondence has the weight of a private document,proof_rules,SELF_SUFFICIENT_RULE,"hand label, one reader, from enacted text and legal function; NOT blind to supplementation rates; sensitivity label in function_rule_label is a mechanical map from function.py, assigned before any rate existed",,31,15,45.2,32.3,3.2,contemporary_5y (1442-1446); rank column is 1444-1446
commercial_courts_implementing_regulation:106,commercial_courts_implementing_regulation,106,INSTITUTIONAL_OPERATION,AMBIGUOUS,false,when the chamber must decide the application,other,INSTITUTIONAL_DIRECTIVE,"hand label, one reader, from enacted text and legal function; NOT blind to supplementation rates; sensitivity label in function_rule_label is a mechanical map from function.py, assigned before any rate existed",,31,0,6.5,0.0,0.0,contemporary_5y (1442-1446); rank column is 1444-1446
commercial_courts_law:43,commercial_courts_law,43,,,,,other,,outside the classified frame (fewer than 30 court-citing judgments in 1442-1446),,29,18,27.6,17.2,10.3,contemporary_5y (1442-1446); rank column is 1444-1446
sharia_procedure_law:185,sharia_procedure_law,185,,,,,appeal_finality,,outside the classified frame (fewer than 30 court-citing judgments in 1442-1446),,28,7,35.7,28.6,0.0,contemporary_5y (1442-1446); rank column is 1444-1446
sharia_procedure_implementing_regulation:70,sharia_procedure_implementing_regulation,70,,,,,,,outside the classified frame (fewer than 30 court-citing judgments in 1442-1446),,28,1,39.3,3.6,0.0,contemporary_5y (1442-1446); rank column is 1444-1446
commercial_courts_law:81,commercial_courts_law,81,INSTITUTIONAL_OPERATION,INSTITUTIONAL_OPERATION,false,how an appeal is filed,appeal_finality,INSTITUTIONAL_DIRECTIVE,"hand label, one reader, from enacted text and legal function; NOT blind to supplementation rates; sensitivity label in function_rule_label is a mechanical map from function.py, assigned before any rate existed",,28,16,28.6,17.9,3.6,contemporary_5y (1442-1446); rank column is 1444-1446
commercial_courts_implementing_regulation:225,commercial_courts_implementing_regulation,225,,,,,appeal_finality,,outside the classified frame (fewer than 30 court-citing judgments in 1442-1446),,28,1,28.6,14.3,3.6,contemporary_5y (1442-1446); rank column is 1444-1446
sharia_procedure_law:139,sharia_procedure_law,139,,,,,other,,outside the classified frame (fewer than 30 court-citing judgments in 1442-1446),,28,14,39.3,32.1,0.0,contemporary_5y (1442-1446); rank column is 1444-1446
commercial_courts_law:66,commercial_courts_law,66,,,,,other,,outside the classified frame (fewer than 30 court-citing judgments in 1442-1446),,27,2,18.5,11.1,7.4,contemporary_5y (1442-1446); rank column is 1444-1446
commercial_courts_law:15,commercial_courts_law,15,,,,,other,,outside the classified frame (fewer than 30 court-citing judgments in 1442-1446),,27,3,88.9,85.2,0.0,contemporary_5y (1442-1446); rank column is 1444-1446
law_practice_law:5,law_practice_law,5,,,,,other,,outside the classified frame (fewer than 30 court-citing judgments in 1442-1446),,27,0,88.9,14.8,0.0,contemporary_5y (1442-1446); rank column is 1444-1446
commercial_courts_law:77,commercial_courts_law,77,,,,,other,,outside the classified frame (fewer than 30 court-citing judgments in 1442-1446),,26,11,15.4,15.4,0.0,contemporary_5y (1442-1446); rank column is 1444-1446
commercial_courts_implementing_regulation:244,commercial_courts_implementing_regulation,244,INSTITUTIONAL_OPERATION,INSTITUTIONAL_OPERATION,false,how the preparatory hearing disposes of the case,case_management,OPEN_TEXTURED_STANDARD,"hand label, one reader, from enacted text and legal function; NOT blind to supplementation rates; sensitivity label in function_rule_label is a mechanical map from function.py, assigned before any rate existed",,26,172,19.2,15.4,0.0,contemporary_5y (1442-1446); rank column is 1444-1446
civil_transactions_law:17,civil_transactions_law,17,,,,,other,,outside the classified frame (fewer than 30 court-citing judgments in 1442-1446),,26,0,0.0,0.0,0.0,contemporary_5y (1442-1446); rank column is 1444-1446
evidence_law:101,evidence_law,101,,,,,proof_rules,,outside the classified frame (fewer than 30 court-citing judgments in 1442-1446),,26,2,23.1,11.5,11.5,contemporary_5y (1442-1446); rank column is 1444-1446
trademark_law:42,trademark_law,42,,,,,,,outside the classified frame (fewer than 30 court-citing judgments in 1442-1446),,25,17,4.0,0.0,0.0,contemporary_5y (1442-1446); rank column is 1444-1446
commercial_courts_law:18,commercial_courts_law,18,,,,,jurisdiction,,outside the classified frame (fewer than 30 court-citing judgments in 1442-1446),,25,6,40.0,12.0,0.0,contemporary_5y (1442-1446); rank column is 1444-1446
evidence_law:6,evidence_law,6,,,,,other,,outside the classified frame (fewer than 30 court-citing judgments in 1442-1446),,24,27,25.0,4.2,0.0,contemporary_5y (1442-1446); rank column is 1444-1446
commercial_courts_law:70,commercial_courts_law,70,,,,,other,,outside the classified frame (fewer than 30 court-citing judgments in 1442-1446),,24,7,0.0,0.0,0.0,contemporary_5y (1442-1446); rank column is 1444-1446
companies_law:14,companies_law,14,,,,,other,,outside the classified frame (fewer than 30 court-citing judgments in 1442-1446),,23,5,8.7,4.3,0.0,contemporary_5y (1442-1446); rank column is 1444-1446
law_practice_implementing_regulation:5,law_practice_implementing_regulation,5,,,,,,,outside the classified frame (fewer than 30 court-citing judgments in 1442-1446),,23,4,13.0,8.7,4.3,contemporary_5y (1442-1446); rank column is 1444-1446
commercial_courts_law:87,commercial_courts_law,87,,,,,other,,outside the classified frame (fewer than 30 court-citing judgments in 1442-1446),,23,2,21.7,17.4,0.0,contemporary_5y (1442-1446); rank column is 1444-1446
arbitration_law:53,arbitration_law,53,INSTITUTIONAL_OPERATION,DISPUTE_DECISION,false,the enforcement order and the documents filed with it,arbitration,INSTITUTIONAL_DIRECTIVE,"hand label, one reader, from enacted text and legal function; NOT blind to supplementation rates; sensitivity label in function_rule_label is a mechanical map from function.py, assigned before any rate existed",,23,0,0.0,0.0,0.0,contemporary_5y (1442-1446); rank column is 1444-1446
commercial_courts_implementing_regulation:53,commercial_courts_implementing_regulation,53,,,,,appeal_finality,,outside the classified frame (fewer than 30 court-citing judgments in 1442-1446),,23,17,30.4,13.0,0.0,contemporary_5y (1442-1446); rank column is 1444-1446
sharia_procedure_law:109,sharia_procedure_law,109,,,,,proof_rules,,outside the classified frame (fewer than 30 court-citing judgments in 1442-1446),,22,2,13.6,9.1,4.5,contemporary_5y (1442-1446); rank column is 1444-1446
sharia_procedure_law:3,sharia_procedure_law,3,,,,,standing_capacity,,outside the classified frame (fewer than 30 court-citing judgments in 1442-1446),,22,94,22.7,13.6,4.5,contemporary_5y (1442-1446); rank column is 1444-1446
evidence_law:96,evidence_law,96,,,,,proof_rules,,outside the classified frame (fewer than 30 court-citing judgments in 1442-1446),,22,9,40.9,27.3,4.5,contemporary_5y (1442-1446); rank column is 1444-1446
commercial_courts_implementing_regulation:72,commercial_courts_implementing_regulation,72,,,,,case_management,,outside the classified frame (fewer than 30 court-citing judgments in 1442-1446),,22,14,9.1,0.0,0.0,contemporary_5y (1442-1446); rank column is 1444-1446
sharia_procedure_law:8,sharia_procedure_law,8,,,,,other,,outside the classified frame (fewer than 30 court-citing judgments in 1442-1446),,22,1,0.0,0.0,0.0,contemporary_5y (1442-1446); rank column is 1444-1446
evidence_law:55,evidence_law,55,,,,,other,,outside the classified frame (fewer than 30 court-citing judgments in 1442-1446),,22,24,31.8,13.6,4.5,contemporary_5y (1442-1446); rank column is 1444-1446
sharia_procedure_law:2,sharia_procedure_law,2,,,,,other,,outside the classified frame (fewer than 30 court-citing judgments in 1442-1446),,21,7,28.6,14.3,0.0,contemporary_5y (1442-1446); rank column is 1444-1446
sharia_procedure_law:211,sharia_procedure_law,211,,,,,standing_capacity,,outside the classified frame (fewer than 30 court-citing judgments in 1442-1446),,21,7,0.0,0.0,0.0,contemporary_5y (1442-1446); rank column is 1444-1446
commercial_courts_law:76,commercial_courts_law,76,,,,,other,,outside the classified frame (fewer than 30 court-citing judgments in 1442-1446),,20,137,10.0,10.0,0.0,contemporary_5y (1442-1446); rank column is 1444-1446
law_practice_law:18,law_practice_law,18,,,,,other,,outside the classified frame (fewer than 30 court-citing judgments in 1442-1446),,20,35,10.0,10.0,0.0,contemporary_5y (1442-1446); rank column is 1444-1446
evidence_law:66,evidence_law,66,,,,,proof_rules,,outside the classified frame (fewer than 30 court-citing judgments in 1442-1446),,20,56,35.0,15.0,0.0,contemporary_5y (1442-1446); rank column is 1444-1446
companies_law:4,companies_law,4,,,,,other,,outside the classified frame (fewer than 30 court-citing judgments in 1442-1446),,19,5,0.0,0.0,0.0,contemporary_5y (1442-1446); rank column is 1444-1446
sharia_procedure_law:107,sharia_procedure_law,107,,,,,attendance_default,,outside the classified frame (fewer than 30 court-citing judgments in 1442-1446),,19,0,42.1,21.1,0.0,contemporary_5y (1442-1446); rank column is 1444-1446
telecommunications_law:10,telecommunications_law,10,,,,,,,outside the classified frame (fewer than 30 court-citing judgments in 1442-1446),,19,4,10.5,10.5,0.0,contemporary_5y (1442-1446); rank column is 1444-1446
commercial_courts_implementing_regulation:19,commercial_courts_implementing_regulation,19,,,,,other,,outside the classified frame (fewer than 30 court-citing judgments in 1442-1446),,18,3,33.3,16.7,0.0,contemporary_5y (1442-1446); rank column is 1444-1446
commercial_courts_law:90,commercial_courts_law,90,,,,,case_management,,outside the classified frame (fewer than 30 court-citing judgments in 1442-1446),,18,136,27.8,0.0,0.0,contemporary_5y (1442-1446); rank column is 1444-1446
bankruptcy_law:97,bankruptcy_law,97,,,,,insolvency,,outside the classified frame (fewer than 30 court-citing judgments in 1442-1446),,18,4,5.6,5.6,0.0,contemporary_5y (1442-1446); rank column is 1444-1446
evidence_law:99,evidence_law,99,,,,,proof_rules,,outside the classified frame (fewer than 30 court-citing judgments in 1442-1446),,18,4,27.8,16.7,0.0,contemporary_5y (1442-1446); rank column is 1444-1446
commercial_courts_law:85,commercial_courts_law,85,,,,,appeal_finality,,outside the classified frame (fewer than 30 court-citing judgments in 1442-1446),,18,15,55.6,33.3,0.0,contemporary_5y (1442-1446); rank column is 1444-1446
commercial_courts_implementing_regulation:218,commercial_courts_implementing_regulation,218,,,,,other,,outside the classified frame (fewer than 30 court-citing judgments in 1442-1446),,17,0,64.7,41.2,11.8,contemporary_5y (1442-1446); rank column is 1444-1446
commercial_courts_implementing_regulation:100,commercial_courts_implementing_regulation,100,,,,,other,,outside the classified frame (fewer than 30 court-citing judgments in 1442-1446),,17,5,35.3,5.9,0.0,contemporary_5y (1442-1446); rank column is 1444-1446
commercial_courts_implementing_regulation:33,commercial_courts_implementing_regulation,33,,,,,jurisdiction,,outside the classified frame (fewer than 30 court-citing judgments in 1442-1446),,17,2,23.5,23.5,0.0,contemporary_5y (1442-1446); rank column is 1444-1446
commercial_courts_law:93,commercial_courts_law,93,,,,,other,,outside the classified frame (fewer than 30 court-citing judgments in 1442-1446),,17,20,11.8,5.9,5.9,contemporary_5y (1442-1446); rank column is 1444-1446
sharia_procedure_implementing_regulation:1,sharia_procedure_implementing_regulation,1,,,,,,,outside the classified frame (fewer than 30 court-citing judgments in 1442-1446),,17,0,29.4,23.5,0.0,contemporary_5y (1442-1446); rank column is 1444-1446
evidence_law:88,evidence_law,88,,,,,other,,outside the classified frame (fewer than 30 court-citing judgments in 1442-1446),,17,21,82.4,82.4,11.8,contemporary_5y (1442-1446); rank column is 1444-1446
sharia_procedure_law:17,sharia_procedure_law,17,,,,,service_notice,,outside the classified frame (fewer than 30 court-citing judgments in 1442-1446),,17,3,11.8,5.9,0.0,contemporary_5y (1442-1446); rank column is 1444-1446
sharia_procedure_implementing_regulation:3,sharia_procedure_implementing_regulation,3,,,,,,,outside the classified frame (fewer than 30 court-citing judgments in 1442-1446),,16,7,56.2,25.0,25.0,contemporary_5y (1442-1446); rank column is 1444-1446
evidence_law:67,evidence_law,67,,,,,proof_rules,,outside the classified frame (fewer than 30 court-citing judgments in 1442-1446),,16,9,43.8,25.0,0.0,contemporary_5y (1442-1446); rank column is 1444-1446
companies_law:16,companies_law,16,,,,,other,,outside the classified frame (fewer than 30 court-citing judgments in 1442-1446),,16,13,18.8,0.0,0.0,contemporary_5y (1442-1446); rank column is 1444-1446
bankruptcy_law:4,bankruptcy_law,4,,,,,other,,outside the classified frame (fewer than 30 court-citing judgments in 1442-1446),,16,1,0.0,0.0,0.0,contemporary_5y (1442-1446); rank column is 1444-1446
sharia_procedure_law:202,sharia_procedure_law,202,,,,,appeal_finality,,outside the classified frame (fewer than 30 court-citing judgments in 1442-1446),,16,8,18.8,12.5,0.0,contemporary_5y (1442-1446); rank column is 1444-1446
sharia_procedure_law:38,sharia_procedure_law,38,,,,,corporate,,outside the classified frame (fewer than 30 court-citing judgments in 1442-1446),,16,7,25.0,12.5,12.5,contemporary_5y (1442-1446); rank column is 1444-1446
sharia_procedure_law:5,sharia_procedure_law,5,,,,,other,,outside the classified frame (fewer than 30 court-citing judgments in 1442-1446),,16,9,18.8,18.8,0.0,contemporary_5y (1442-1446); rank column is 1444-1446
companies_law:2,companies_law,2,,,,,corporate,,outside the classified frame (fewer than 30 court-citing judgments in 1442-1446),,16,15,6.2,6.2,6.2,contemporary_5y (1442-1446); rank column is 1444-1446
commercial_courts_implementing_regulation:43,commercial_courts_implementing_regulation,43,,,,,service_notice,,outside the classified frame (fewer than 30 court-citing judgments in 1442-1446),,16,0,25.0,18.8,0.0,contemporary_5y (1442-1446); rank column is 1444-1446
commercial_courts_law:56,commercial_courts_law,56,,,,,proof_rules,,outside the classified frame (fewer than 30 court-citing judgments in 1442-1446),,14,6,64.3,64.3,0.0,contemporary_5y (1442-1446); rank column is 1444-1446
arbitration_implementing_regulation:4,arbitration_implementing_regulation,4,,,,,,,outside the classified frame (fewer than 30 court-citing judgments in 1442-1446),,14,0,0.0,0.0,0.0,contemporary_5y (1442-1446); rank column is 1444-1446
companies_law:175,companies_law,175,,,,,corporate,,outside the classified frame (fewer than 30 court-citing judgments in 1442-1446),,14,25,0.0,0.0,0.0,contemporary_5y (1442-1446); rank column is 1444-1446
commercial_courts_implementing_regulation:182,commercial_courts_implementing_regulation,182,,,,,other,,outside the classified frame (fewer than 30 court-citing judgments in 1442-1446),,14,1,7.1,7.1,0.0,contemporary_5y (1442-1446); rank column is 1444-1446
commercial_courts_law:52,commercial_courts_law,52,,,,,proof_rules,,outside the classified frame (fewer than 30 court-citing judgments in 1442-1446),,14,6,50.0,7.1,0.0,contemporary_5y (1442-1446); rank column is 1444-1446
commercial_courts_law:11,commercial_courts_law,11,,,,,service_notice,,outside the classified frame (fewer than 30 court-citing judgments in 1442-1446),,13,5,15.4,7.7,0.0,contemporary_5y (1442-1446); rank column is 1444-1446
commercial_courts_law:53,commercial_courts_law,53,,,,,proof_rules,,outside the classified frame (fewer than 30 court-citing judgments in 1442-1446),,13,3,100.0,30.8,15.4,contemporary_5y (1442-1446); rank column is 1444-1446
sharia_procedure_law:56,sharia_procedure_law,56,,,,,other,,outside the classified frame (fewer than 30 court-citing judgments in 1442-1446),,13,2,15.4,0.0,0.0,contemporary_5y (1442-1446); rank column is 1444-1446
commercial_courts_implementing_regulation:36,commercial_courts_implementing_regulation,36,,,,,other,,outside the classified frame (fewer than 30 court-citing judgments in 1442-1446),,13,34,53.8,38.5,0.0,contemporary_5y (1442-1446); rank column is 1444-1446
sharia_procedure_law:45,sharia_procedure_law,45,,,,,other,,outside the classified frame (fewer than 30 court-citing judgments in 1442-1446),,13,5,7.7,7.7,0.0,contemporary_5y (1442-1446); rank column is 1444-1446
companies_law:173,companies_law,173,,,,,other,,outside the classified frame (fewer than 30 court-citing judgments in 1442-1446),,13,15,0.0,0.0,0.0,contemporary_5y (1442-1446); rank column is 1444-1446
evidence_law:44,evidence_law,44,,,,,other,,outside the classified frame (fewer than 30 court-citing judgments in 1442-1446),,13,18,30.8,15.4,0.0,contemporary_5y (1442-1446); rank column is 1444-1446
companies_law:167,companies_law,167,,,,,corporate,,outside the classified frame (fewer than 30 court-citing judgments in 1442-1446),,13,30,0.0,0.0,0.0,contemporary_5y (1442-1446); rank column is 1444-1446
companies_law:15,companies_law,15,,,,,other,,outside the classified frame (fewer than 30 court-citing judgments in 1442-1446),,13,10,46.2,30.8,7.7,contemporary_5y (1442-1446); rank column is 1444-1446
evidence_law:59,evidence_law,59,,,,,other,,outside the classified frame (fewer than 30 court-citing judgments in 1442-1446),,12,4,41.7,41.7,0.0,contemporary_5y (1442-1446); rank column is 1444-1446
companies_law:51,companies_law,51,,,,,other,,outside the classified frame (fewer than 30 court-citing judgments in 1442-1446),,12,12,8.3,0.0,0.0,contemporary_5y (1442-1446); rank column is 1444-1446
evidence_law:215,evidence_law,215,,,,,,,outside the classified frame (fewer than 30 court-citing judgments in 1442-1446),,12,0,91.7,75.0,0.0,contemporary_5y (1442-1446); rank column is 1444-1446
civil_transactions_law:564,civil_transactions_law,564,,,,,obligation,,outside the classified frame (fewer than 30 court-citing judgments in 1442-1446),,12,1,0.0,0.0,0.0,contemporary_5y (1442-1446); rank column is 1444-1446
commercial_courts_implementing_regulation:213,commercial_courts_implementing_regulation,213,,,,,appeal_finality,,outside the classified frame (fewer than 30 court-citing judgments in 1442-1446),,12,1,33.3,25.0,0.0,contemporary_5y (1442-1446); rank column is 1444-1446
civil_transactions_law:401,civil_transactions_law,401,,,,,other,,outside the classified frame (fewer than 30 court-citing judgments in 1442-1446),,12,0,58.3,0.0,0.0,contemporary_5y (1442-1446); rank column is 1444-1446
sharia_procedure_law:39,sharia_procedure_law,39,,,,,attendance_default,,outside the classified frame (fewer than 30 court-citing judgments in 1442-1446),,12,3,0.0,0.0,0.0,contemporary_5y (1442-1446); rank column is 1444-1446
bankruptcy_law:1,bankruptcy_law,1,,,,,definitions,,outside the classified frame (fewer than 30 court-citing judgments in 1442-1446),,11,3,0.0,0.0,0.0,contemporary_5y (1442-1446); rank column is 1444-1446
sharia_procedure_law:21,sharia_procedure_law,21,,,,,other,,outside the classified frame (fewer than 30 court-citing judgments in 1442-1446),,11,2,0.0,0.0,0.0,contemporary_5y (1442-1446); rank column is 1444-1446
commercial_courts_implementing_regulation:44,commercial_courts_implementing_regulation,44,,,,,service_notice,,outside the classified frame (fewer than 30 court-citing judgments in 1442-1446),,11,1,0.0,0.0,0.0,contemporary_5y (1442-1446); rank column is 1444-1446
bankruptcy_law:46,bankruptcy_law,46,,,,,insolvency,,outside the classified frame (fewer than 30 court-citing judgments in 1442-1446),,11,12,9.1,9.1,0.0,contemporary_5y (1442-1446); rank column is 1444-1446
companies_law:151,companies_law,151,,,,,other,,outside the classified frame (fewer than 30 court-citing judgments in 1442-1446),,11,34,9.1,0.0,0.0,contemporary_5y (1442-1446); rank column is 1444-1446
evidence_law:204,evidence_law,204,,,,,,,outside the classified frame (fewer than 30 court-citing judgments in 1442-1446),,11,0,90.9,81.8,0.0,contemporary_5y (1442-1446); rank column is 1444-1446
sharia_procedure_law:80,sharia_procedure_law,80,,,,,other,,outside the classified frame (fewer than 30 court-citing judgments in 1442-1446),,11,48,36.4,18.2,0.0,contemporary_5y (1442-1446); rank column is 1444-1446
companies_law:9,companies_law,9,,,,,other,,outside the classified frame (fewer than 30 court-citing judgments in 1442-1446),,11,11,9.1,9.1,0.0,contemporary_5y (1442-1446); rank column is 1444-1446
evidence_law:85,evidence_law,85,,,,,other,,outside the classified frame (fewer than 30 court-citing judgments in 1442-1446),,11,3,36.4,36.4,0.0,contemporary_5y (1442-1446); rank column is 1444-1446
commercial_courts_implementing_regulation:226,commercial_courts_implementing_regulation,226,,,,,other,,outside the classified frame (fewer than 30 court-citing judgments in 1442-1446),,11,1,18.2,9.1,0.0,contemporary_5y (1442-1446); rank column is 1444-1446
companies_law:220,companies_law,220,,,,,corporate,,outside the classified frame (fewer than 30 court-citing judgments in 1442-1446),,11,15,18.2,9.1,0.0,contemporary_5y (1442-1446); rank column is 1444-1446
commercial_courts_implementing_regulation:6,commercial_courts_implementing_regulation,6,,,,,costs,,outside the classified frame (fewer than 30 court-citing judgments in 1442-1446),,11,10,27.3,18.2,0.0,contemporary_5y (1442-1446); rank column is 1444-1446
sharia_procedure_implementing_regulation:57,sharia_procedure_implementing_regulation,57,,,,,,,outside the classified frame (fewer than 30 court-citing judgments in 1442-1446),,11,16,54.5,45.5,0.0,contemporary_5y (1442-1446); rank column is 1444-1446
evidence_law:23,evidence_law,23,,,,,other,,outside the classified frame (fewer than 30 court-citing judgments in 1442-1446),,11,2,81.8,81.8,0.0,contemporary_5y (1442-1446); rank column is 1444-1446
commercial_courts_implementing_regulation:99,commercial_courts_implementing_regulation,99,,,,,other,,outside the classified frame (fewer than 30 court-citing judgments in 1442-1446),,10,3,20.0,20.0,10.0,contemporary_5y (1442-1446); rank column is 1444-1446
evidence_law:15,evidence_law,15,,,,,proof_rules,,outside the classified frame (fewer than 30 court-citing judgments in 1442-1446),,10,2,0.0,0.0,0.0,contemporary_5y (1442-1446); rank column is 1444-1446
sharia_procedure_law:88,sharia_procedure_law,88,,,,,other,,outside the classified frame (fewer than 30 court-citing judgments in 1442-1446),,10,6,0.0,0.0,0.0,contemporary_5y (1442-1446); rank column is 1444-1446
companies_law:161,companies_law,161,,,,,corporate,,outside the classified frame (fewer than 30 court-citing judgments in 1442-1446),,10,14,30.0,10.0,20.0,contemporary_5y (1442-1446); rank column is 1444-1446
trademark_law:3,trademark_law,3,,,,,,,outside the classified frame (fewer than 30 court-citing judgments in 1442-1446),,10,24,0.0,0.0,0.0,contemporary_5y (1442-1446); rank column is 1444-1446
sharia_procedure_law:201,sharia_procedure_law,201,,,,,other,,outside the classified frame (fewer than 30 court-citing judgments in 1442-1446),,10,16,40.0,40.0,0.0,contemporary_5y (1442-1446); rank column is 1444-1446
civil_transactions_law:91,civil_transactions_law,91,,,,,other,,outside the classified frame (fewer than 30 court-citing judgments in 1442-1446),,10,2,80.0,0.0,0.0,contemporary_5y (1442-1446); rank column is 1444-1446
evidence_law:9,evidence_law,9,,,,,other,,outside the classified frame (fewer than 30 court-citing judgments in 1442-1446),,10,8,40.0,10.0,10.0,contemporary_5y (1442-1446); rank column is 1444-1446
companies_law:165,companies_law,165,,,,,corporate,,outside the classified frame (fewer than 30 court-citing judgments in 1442-1446),,10,49,10.0,10.0,0.0,contemporary_5y (1442-1446); rank column is 1444-1446
commercial_courts_law:6,commercial_courts_law,6,,,,,other,,outside the classified frame (fewer than 30 court-citing judgments in 1442-1446),,10,7,30.0,10.0,0.0,contemporary_5y (1442-1446); rank column is 1444-1446
companies_law:1,companies_law,1,,,,,definitions,,outside the classified frame (fewer than 30 court-citing judgments in 1442-1446),,10,5,0.0,0.0,0.0,contemporary_5y (1442-1446); rank column is 1444-1446
evidence_law:54,evidence_law,54,,,,,other,,outside the classified frame (fewer than 30 court-citing judgments in 1442-1446),,10,16,20.0,20.0,10.0,contemporary_5y (1442-1446); rank column is 1444-1446
commercial_courts_law:72,commercial_courts_law,72,,,,,appeal_finality,,outside the classified frame (fewer than 30 court-citing judgments in 1442-1446),,10,8,0.0,0.0,0.0,contemporary_5y (1442-1446); rank column is 1444-1446
companies_law:171,companies_law,171,,,,,corporate,,outside the classified frame (fewer than 30 court-citing judgments in 1442-1446),,9,10,0.0,0.0,0.0,contemporary_5y (1442-1446); rank column is 1444-1446
sharia_procedure_law:33,sharia_procedure_law,33,,,,,other,,outside the classified frame (fewer than 30 court-citing judgments in 1442-1446),,9,12,11.1,11.1,0.0,contemporary_5y (1442-1446); rank column is 1444-1446
commercial_courts_law:24,commercial_courts_law,24,,,,,other,,outside the classified frame (fewer than 30 court-citing judgments in 1442-1446),,9,87,66.7,33.3,0.0,contemporary_5y (1442-1446); rank column is 1444-1446
commercial_books_law:8,commercial_books_law,8,,,,,,,outside the classified frame (fewer than 30 court-citing judgments in 1442-1446),,9,11,22.2,22.2,0.0,contemporary_5y (1442-1446); rank column is 1444-1446
evidence_law:20,evidence_law,20,,,,,other,,outside the classified frame (fewer than 30 court-citing judgments in 1442-1446),,9,14,22.2,11.1,0.0,contemporary_5y (1442-1446); rank column is 1444-1446
sharia_procedure_law:50,sharia_procedure_law,50,,,,,other,,outside the classified frame (fewer than 30 court-citing judgments in 1442-1446),,9,21,55.6,11.1,0.0,contemporary_5y (1442-1446); rank column is 1444-1446
copyright_law:21,copyright_law,21,,,,,,,outside the classified frame (fewer than 30 court-citing judgments in 1442-1446),,8,10,25.0,0.0,0.0,contemporary_5y (1442-1446); rank column is 1444-1446
companies_law:65,companies_law,65,,,,,corporate,,outside the classified frame (fewer than 30 court-citing judgments in 1442-1446),,8,15,0.0,0.0,0.0,contemporary_5y (1442-1446); rank column is 1444-1446
evidence_law:72,evidence_law,72,,,,,proof_rules,,outside the classified frame (fewer than 30 court-citing judgments in 1442-1446),,8,10,75.0,50.0,0.0,contemporary_5y (1442-1446); rank column is 1444-1446
commercial_courts_law:71,commercial_courts_law,71,,,,,enforcement,,outside the classified frame (fewer than 30 court-citing judgments in 1442-1446),,8,13,0.0,0.0,0.0,contemporary_5y (1442-1446); rank column is 1444-1446
evidence_law:53,evidence_law,53,,,,,other,,outside the classified frame (fewer than 30 court-citing judgments in 1442-1446),,8,14,12.5,12.5,0.0,contemporary_5y (1442-1446); rank column is 1444-1446
companies_law:3,companies_law,3,,,,,corporate,,outside the classified frame (fewer than 30 court-citing judgments in 1442-1446),,8,10,50.0,50.0,0.0,contemporary_5y (1442-1446); rank column is 1444-1446
companies_law:181,companies_law,181,,,,,corporate,,outside the classified frame (fewer than 30 court-citing judgments in 1442-1446),,7,53,0.0,0.0,0.0,contemporary_5y (1442-1446); rank column is 1444-1446
commercial_courts_law:84,commercial_courts_law,84,,,,,appeal_finality,,outside the classified frame (fewer than 30 court-citing judgments in 1442-1446),,7,27,57.1,28.6,0.0,contemporary_5y (1442-1446); rank column is 1444-1446
basic_law_of_governance:47,basic_law_of_governance,47,,,,,,,outside the classified frame (fewer than 30 court-citing judgments in 1442-1446),,7,14,42.9,42.9,0.0,contemporary_5y (1442-1446); rank column is 1444-1446
civil_transactions_law:94,civil_transactions_law,94,,,,,other,,outside the classified frame (fewer than 30 court-citing judgments in 1442-1446),,7,10,14.3,14.3,0.0,contemporary_5y (1442-1446); rank column is 1444-1446
commercial_courts_law:26,commercial_courts_law,26,,,,,damages,,outside the classified frame (fewer than 30 court-citing judgments in 1442-1446),,7,126,14.3,14.3,0.0,contemporary_5y (1442-1446); rank column is 1444-1446
companies_law:178,companies_law,178,,,,,corporate,,outside the classified frame (fewer than 30 court-citing judgments in 1442-1446),,7,14,0.0,0.0,0.0,contemporary_5y (1442-1446); rank column is 1444-1446
law_practice_law:27,law_practice_law,27,,,,,other,,outside the classified frame (fewer than 30 court-citing judgments in 1442-1446),,7,18,28.6,14.3,14.3,contemporary_5y (1442-1446); rank column is 1444-1446
companies_law:27,companies_law,27,,,,,other,,outside the classified frame (fewer than 30 court-citing judgments in 1442-1446),,6,15,0.0,0.0,0.0,contemporary_5y (1442-1446); rank column is 1444-1446
sharia_procedure_law:34,sharia_procedure_law,34,,,,,jurisdiction,,outside the classified frame (fewer than 30 court-citing judgments in 1442-1446),,6,11,16.7,0.0,0.0,contemporary_5y (1442-1446); rank column is 1444-1446
sharia_procedure_law:79,sharia_procedure_law,79,,,,,other,,outside the classified frame (fewer than 30 court-citing judgments in 1442-1446),,6,21,33.3,33.3,16.7,contemporary_5y (1442-1446); rank column is 1444-1446
criminal_procedure_law:3,criminal_procedure_law,3,,,,,,,outside the classified frame (fewer than 30 court-citing judgments in 1442-1446),,6,17,16.7,0.0,0.0,contemporary_5y (1442-1446); rank column is 1444-1446
companies_law:67,companies_law,67,,,,,corporate,,outside the classified frame (fewer than 30 court-citing judgments in 1442-1446),,6,16,0.0,0.0,0.0,contemporary_5y (1442-1446); rank column is 1444-1446
companies_law:35,companies_law,35,,,,,other,,outside the classified frame (fewer than 30 court-citing judgments in 1442-1446),,6,17,0.0,0.0,0.0,contemporary_5y (1442-1446); rank column is 1444-1446
sharia_procedure_law:120,sharia_procedure_law,120,,,,,other,,outside the classified frame (fewer than 30 court-citing judgments in 1442-1446),,5,10,0.0,0.0,0.0,contemporary_5y (1442-1446); rank column is 1444-1446
companies_law:8,companies_law,8,,,,,corporate,,outside the classified frame (fewer than 30 court-citing judgments in 1442-1446),,5,11,0.0,0.0,0.0,contemporary_5y (1442-1446); rank column is 1444-1446
sharia_procedure_law:23,sharia_procedure_law,23,,,,,other,,outside the classified frame (fewer than 30 court-citing judgments in 1442-1446),,5,25,60.0,20.0,0.0,contemporary_5y (1442-1446); rank column is 1444-1446
commercial_courts_law:57,commercial_courts_law,57,,,,,other,,outside the classified frame (fewer than 30 court-citing judgments in 1442-1446),,5,20,80.0,40.0,20.0,contemporary_5y (1442-1446); rank column is 1444-1446
sharia_procedure_implementing_regulation:73,sharia_procedure_implementing_regulation,73,,,,,,,outside the classified frame (fewer than 30 court-citing judgments in 1442-1446),,5,10,40.0,40.0,0.0,contemporary_5y (1442-1446); rank column is 1444-1446
trademark_law:2,trademark_law,2,,,,,,,outside the classified frame (fewer than 30 court-citing judgments in 1442-1446),,5,17,0.0,0.0,0.0,contemporary_5y (1442-1446); rank column is 1444-1446
sharia_procedure_law:84,sharia_procedure_law,84,,,,,other,,outside the classified frame (fewer than 30 court-citing judgments in 1442-1446),,5,36,40.0,0.0,0.0,contemporary_5y (1442-1446); rank column is 1444-1446
companies_law:78,companies_law,78,,,,,corporate,,outside the classified frame (fewer than 30 court-citing judgments in 1442-1446),,5,13,0.0,0.0,0.0,contemporary_5y (1442-1446); rank column is 1444-1446
sharia_procedure_law:65,sharia_procedure_law,65,,,,,other,,outside the classified frame (fewer than 30 court-citing judgments in 1442-1446),,4,12,75.0,75.0,0.0,contemporary_5y (1442-1446); rank column is 1444-1446
companies_law:26,companies_law,26,,,,,other,,outside the classified frame (fewer than 30 court-citing judgments in 1442-1446),,4,21,0.0,0.0,0.0,contemporary_5y (1442-1446); rank column is 1444-1446
companies_law:29,companies_law,29,,,,,corporate,,outside the classified frame (fewer than 30 court-citing judgments in 1442-1446),,4,12,0.0,0.0,0.0,contemporary_5y (1442-1446); rank column is 1444-1446
commercial_courts_law:55,commercial_courts_law,55,,,,,other,,outside the classified frame (fewer than 30 court-citing judgments in 1442-1446),,4,12,25.0,25.0,0.0,contemporary_5y (1442-1446); rank column is 1444-1446
companies_law:21,companies_law,21,,,,,corporate,,outside the classified frame (fewer than 30 court-citing judgments in 1442-1446),,4,43,25.0,25.0,0.0,contemporary_5y (1442-1446); rank column is 1444-1446
companies_law:58,companies_law,58,,,,,other,,outside the classified frame (fewer than 30 court-citing judgments in 1442-1446),,4,16,0.0,0.0,0.0,contemporary_5y (1442-1446); rank column is 1444-1446
companies_law:211,companies_law,211,,,,,other,,outside the classified frame (fewer than 30 court-citing judgments in 1442-1446),,4,16,25.0,0.0,0.0,contemporary_5y (1442-1446); rank column is 1444-1446
sharia_procedure_law:87,sharia_procedure_law,87,,,,,other,,outside the classified frame (fewer than 30 court-citing judgments in 1442-1446),,3,17,0.0,0.0,0.0,contemporary_5y (1442-1446); rank column is 1444-1446
commercial_courts_law:67,commercial_courts_law,67,,,,,other,,outside the classified frame (fewer than 30 court-citing judgments in 1442-1446),,3,11,33.3,0.0,0.0,contemporary_5y (1442-1446); rank column is 1444-1446
commercial_courts_law:13,commercial_courts_law,13,,,,,other,,outside the classified frame (fewer than 30 court-citing judgments in 1442-1446),,3,23,33.3,33.3,0.0,contemporary_5y (1442-1446); rank column is 1444-1446
companies_law:13,companies_law,13,,,,,other,,outside the classified frame (fewer than 30 court-citing judgments in 1442-1446),,3,13,0.0,0.0,0.0,contemporary_5y (1442-1446); rank column is 1444-1446
civil_transactions_law:95,civil_transactions_law,95,,,,,other,,outside the classified frame (fewer than 30 court-citing judgments in 1442-1446),,3,13,0.0,0.0,0.0,contemporary_5y (1442-1446); rank column is 1444-1446
companies_law:80,companies_law,80,,,,,corporate,,outside the classified frame (fewer than 30 court-citing judgments in 1442-1446),,3,13,0.0,0.0,0.0,contemporary_5y (1442-1446); rank column is 1444-1446
evidence_law:34,evidence_law,34,,,,,other,,outside the classified frame (fewer than 30 court-citing judgments in 1442-1446),,2,29,0.0,0.0,0.0,contemporary_5y (1442-1446); rank column is 1444-1446
evidence_law:37,evidence_law,37,,,,,other,,outside the classified frame (fewer than 30 court-citing judgments in 1442-1446),,2,10,0.0,0.0,0.0,contemporary_5y (1442-1446); rank column is 1444-1446
commercial_courts_implementing_regulation:97,commercial_courts_implementing_regulation,97,,,,,other,,outside the classified frame (fewer than 30 court-citing judgments in 1442-1446),,2,11,0.0,0.0,0.0,contemporary_5y (1442-1446); rank column is 1444-1446
sharia_procedure_law:77,sharia_procedure_law,77,,,,,other,,outside the classified frame (fewer than 30 court-citing judgments in 1442-1446),,2,17,50.0,50.0,0.0,contemporary_5y (1442-1446); rank column is 1444-1446
companies_law:28,companies_law,28,,,,,other,,outside the classified frame (fewer than 30 court-citing judgments in 1442-1446),,2,13,0.0,0.0,0.0,contemporary_5y (1442-1446); rank column is 1444-1446
evidence_law:120,evidence_law,120,,,,,other,,outside the classified frame (fewer than 30 court-citing judgments in 1442-1446),,2,26,50.0,50.0,0.0,contemporary_5y (1442-1446); rank column is 1444-1446
companies_law:155,companies_law,155,,,,,other,,outside the classified frame (fewer than 30 court-citing judgments in 1442-1446),,2,15,0.0,0.0,0.0,contemporary_5y (1442-1446); rank column is 1444-1446
trademark_law:17,trademark_law,17,,,,,,,outside the classified frame (fewer than 30 court-citing judgments in 1442-1446),,2,12,50.0,0.0,50.0,contemporary_5y (1442-1446); rank column is 1444-1446
companies_law:81,companies_law,81,,,,,corporate,,outside the classified frame (fewer than 30 court-citing judgments in 1442-1446),,2,13,0.0,0.0,0.0,contemporary_5y (1442-1446); rank column is 1444-1446
trademark_law:41,trademark_law,41,,,,,,,outside the classified frame (fewer than 30 court-citing judgments in 1442-1446),,2,13,0.0,0.0,0.0,contemporary_5y (1442-1446); rank column is 1444-1446
enforcement_law:46,enforcement_law,46,,,,,enforcement,,outside the classified frame (fewer than 30 court-citing judgments in 1442-1446),,1,27,0.0,0.0,0.0,contemporary_5y (1442-1446); rank column is 1444-1446
sharia_procedure_law:55,sharia_procedure_law,55,,,,,other,,outside the classified frame (fewer than 30 court-citing judgments in 1442-1446),,1,12,100.0,100.0,0.0,contemporary_5y (1442-1446); rank column is 1444-1446
commercial_courts_implementing_regulation:162,commercial_courts_implementing_regulation,162,,,,,case_management,,outside the classified frame (fewer than 30 court-citing judgments in 1442-1446),,1,26,100.0,100.0,0.0,contemporary_5y (1442-1446); rank column is 1444-1446
companies_law:159,companies_law,159,,,,,corporate,,outside the classified frame (fewer than 30 court-citing judgments in 1442-1446),,1,10,0.0,0.0,0.0,contemporary_5y (1442-1446); rank column is 1444-1446
arbitration_law:42,arbitration_law,42,,,,,proof_rules,,outside the classified frame (fewer than 30 court-citing judgments in 1442-1446),,0,11,,,,contemporary_5y (1442-1446); rank column is 1444-1446
arbitration_law:54,arbitration_law,54,,,,,case_management,,outside the classified frame (fewer than 30 court-citing judgments in 1442-1446),,0,10,,,,contemporary_5y (1442-1446); rank column is 1444-1446
criminal_procedure_law:65,criminal_procedure_law,65,,,,,,,outside the classified frame (fewer than 30 court-citing judgments in 1442-1446),,0,20,,,,contemporary_5y (1442-1446); rank column is 1444-1446
criminal_procedure_law:120,criminal_procedure_law,120,,,,,,,outside the classified frame (fewer than 30 court-citing judgments in 1442-1446),,0,11,,,,contemporary_5y (1442-1446); rank column is 1444-1446
companies_law:182,companies_law,182,,,,,corporate,,outside the classified frame (fewer than 30 court-citing judgments in 1442-1446),,0,10,,,,contemporary_5y (1442-1446); rank column is 1444-1446
sharia_procedure_law:89,sharia_procedure_law,89,,,,,other,,outside the classified frame (fewer than 30 court-citing judgments in 1442-1446),,0,12,,,,contemporary_5y (1442-1446); rank column is 1444-1446
commercial_courts_law:46,commercial_courts_law,46,,,,,other,,outside the classified frame (fewer than 30 court-citing judgments in 1442-1446),,0,15,,,,contemporary_5y (1442-1446); rank column is 1444-1446
criminal_procedure_implementing_regulation:22,criminal_procedure_implementing_regulation,22,,,,,,,outside the classified frame (fewer than 30 court-citing judgments in 1442-1446),,0,15,,,,contemporary_5y (1442-1446); rank column is 1444-1446
trademark_law:15,trademark_law,15,,,,,,,outside the classified frame (fewer than 30 court-citing judgments in 1442-1446),,0,11,,,,contemporary_5y (1442-1446); rank column is 1444-1446
evidence_law:117,evidence_law,117,,,,,other,,outside the classified frame (fewer than 30 court-citing judgments in 1442-1446),,0,19,,,,contemporary_5y (1442-1446); rank column is 1444-1446
companies_law:11,companies_law,11,,,,,corporate,,outside the classified frame (fewer than 30 court-citing judgments in 1442-1446),,0,11,,,,contemporary_5y (1442-1446); rank column is 1444-1446
commercial_courts_law:61,commercial_courts_law,61,,,,,obligation,,outside the classified frame (fewer than 30 court-citing judgments in 1442-1446),,0,12,,,,contemporary_5y (1442-1446); rank column is 1444-1446
commercial_courts_law:28,commercial_courts_law,28,,,,,case_management,,outside the classified frame (fewer than 30 court-citing judgments in 1442-1446),,0,11,,,,contemporary_5y (1442-1446); rank column is 1444-1446
sharia_procedure_law:71,sharia_procedure_law,71,,,,,other,,outside the classified frame (fewer than 30 court-citing judgments in 1442-1446),,0,17,,,,contemporary_5y (1442-1446); rank column is 1444-1446
commercial_courts_law:249,commercial_courts_law,249,,,,,,,outside the classified frame (fewer than 30 court-citing judgments in 1442-1446),,0,32,,,,contemporary_5y (1442-1446); rank column is 1444-1446
commercial_courts_law:62,commercial_courts_law,62,,,,,other,,outside the classified frame (fewer than 30 court-citing judgments in 1442-1446),,0,118,,,,contemporary_5y (1442-1446); rank column is 1444-1446
