article_id,instrument,article,official_text_ref,completeness_class,classification,class_ambiguous,rate_seen_before_classifying,court_judgments,court_nonstatutory_rate,court_named_fiqh_rate,party_judgments,party_nonstatutory_rate,operational_core_rank,window
commercial_courts_law:16,commercial_courts_law,16,corpus_registry.json / tracks / commercial_courts_law / article 16,INSTITUTIONAL_DIRECTIVE,"hand, one reader, blind to all rates; PROVISIONAL_PENDING_SECOND_READER",false,true,9190,37.2,24.6,2110,16.8,1,contemporary_5y (1442-1446)
commercial_courts_law:30,commercial_courts_law,30,corpus_registry.json / tracks / commercial_courts_law / article 30,SELF_SUFFICIENT_RULE,"hand, one reader, blind to all rates; PROVISIONAL_PENDING_SECOND_READER",false,true,4892,42.8,26.5,730,9.3,2,contemporary_5y (1442-1446)
evidence_law:29,evidence_law,29,corpus_registry.json / tracks / evidence_law / article 29,SELF_SUFFICIENT_RULE,"hand, one reader, blind to all rates; PROVISIONAL_PENDING_SECOND_READER",false,true,3770,38.6,22.6,185,51.4,3,contemporary_5y (1442-1446)
sharia_procedure_law:76,sharia_procedure_law,76,corpus_registry.json / tracks / sharia_procedure_law / article 76,INSTITUTIONAL_DIRECTIVE,"hand, one reader, blind to all rates; PROVISIONAL_PENDING_SECOND_READER",false,true,1564,11.4,8.3,294,40.5,5,contemporary_5y (1442-1446)
commercial_courts_implementing_regulation:164,commercial_courts_implementing_regulation,164,corpus_registry.json / tracks / commercial_courts_implementing_regulation / article 164,EXTERNAL_REFERRAL,"hand, one reader, blind to all rates; PROVISIONAL_PENDING_SECOND_READER",false,true,1394,66.6,53.3,129,48.8,4,contemporary_5y (1442-1446)
commercial_courts_law:78,commercial_courts_law,78,corpus_registry.json / tracks / commercial_courts_law / article 78,INSTITUTIONAL_DIRECTIVE,"hand, one reader, blind to all rates; PROVISIONAL_PENDING_SECOND_READER",false,true,1275,41.8,24.9,205,27.8,6,contemporary_5y (1442-1446)
evidence_law:21,evidence_law,21,corpus_registry.json / tracks / evidence_law / article 21,OPEN_TEXTURED_STANDARD,"hand, one reader, blind to all rates; PROVISIONAL_PENDING_SECOND_READER",false,true,1030,45.4,21.1,56,23.2,7,contemporary_5y (1442-1446)
evidence_law:17,evidence_law,17,corpus_registry.json / tracks / evidence_law / article 17,SELF_SUFFICIENT_RULE,"hand, one reader, blind to all rates; PROVISIONAL_PENDING_SECOND_READER",false,true,846,28.1,22.0,41,58.5,8,contemporary_5y (1442-1446)
commercial_courts_law:10,commercial_courts_law,10,corpus_registry.json / tracks / commercial_courts_law / article 10,INSTITUTIONAL_DIRECTIVE,"hand, one reader, blind to all rates; PROVISIONAL_PENDING_SECOND_READER",false,true,816,44.5,33.7,11,,9,contemporary_5y (1442-1446)
evidence_law:14,evidence_law,14,corpus_registry.json / tracks / evidence_law / article 14,DEFINITION_STATUS,"hand, one reader, blind to all rates; PROVISIONAL_PENDING_SECOND_READER",false,true,574,28.2,20.0,47,61.7,10,contemporary_5y (1442-1446)
sharia_procedure_law:57,sharia_procedure_law,57,corpus_registry.json / tracks / sharia_procedure_law / article 57,OPEN_TEXTURED_STANDARD,"hand, one reader, blind to all rates; PROVISIONAL_PENDING_SECOND_READER",false,true,539,57.7,20.8,100,5.0,14,contemporary_5y (1442-1446)
sharia_procedure_law:70,sharia_procedure_law,70,corpus_registry.json / tracks / sharia_procedure_law / article 70,INSTITUTIONAL_DIRECTIVE,"hand, one reader, blind to all rates; PROVISIONAL_PENDING_SECOND_READER",false,true,533,42.4,1.5,7,,12,contemporary_5y (1442-1446)
commercial_courts_law:1,commercial_courts_law,1,corpus_registry.json / tracks / commercial_courts_law / article 1,DEFINITION_STATUS,"hand, one reader, blind to all rates; PROVISIONAL_PENDING_SECOND_READER",false,true,528,42.2,11.2,51,11.8,11,contemporary_5y (1442-1446)
sharia_procedure_law:31,sharia_procedure_law,31,corpus_registry.json / tracks / sharia_procedure_law / article 31,INSTITUTIONAL_DIRECTIVE,"hand, one reader, blind to all rates; PROVISIONAL_PENDING_SECOND_READER",false,true,522,18.6,15.7,29,27.6,15,contemporary_5y (1442-1446)
commercial_courts_law:79,commercial_courts_law,79,corpus_registry.json / tracks / commercial_courts_law / article 79,INSTITUTIONAL_DIRECTIVE,"hand, one reader, blind to all rates; PROVISIONAL_PENDING_SECOND_READER",false,true,503,26.4,11.5,16,,13,contemporary_5y (1442-1446)
commercial_courts_implementing_regulation:11,commercial_courts_implementing_regulation,11,corpus_registry.json / tracks / commercial_courts_implementing_regulation / article 11,INSTITUTIONAL_DIRECTIVE,"hand, one reader, blind to all rates; PROVISIONAL_PENDING_SECOND_READER",false,true,398,11.1,8.3,26,57.7,26,contemporary_5y (1442-1446)
evidence_law:3,evidence_law,3,corpus_registry.json / tracks / evidence_law / article 3,OPEN_TEXTURED_STANDARD,"hand, one reader, blind to all rates; PROVISIONAL_PENDING_SECOND_READER",true,true,397,46.9,22.9,64,64.1,16,contemporary_5y (1442-1446)
commercial_courts_implementing_regulation:58,commercial_courts_implementing_regulation,58,corpus_registry.json / tracks / commercial_courts_implementing_regulation / article 58,INSTITUTIONAL_DIRECTIVE,"hand, one reader, blind to all rates; PROVISIONAL_PENDING_SECOND_READER",false,true,374,1.1,0.3,68,42.6,41,contemporary_5y (1442-1446)
evidence_law:1,evidence_law,1,corpus_registry.json / tracks / evidence_law / article 1,DEFINITION_STATUS,"hand, one reader, blind to all rates; PROVISIONAL_PENDING_SECOND_READER",false,true,356,71.6,62.6,20,45.0,17,contemporary_5y (1442-1446)
commercial_courts_implementing_regulation:64,commercial_courts_implementing_regulation,64,corpus_registry.json / tracks / commercial_courts_implementing_regulation / article 64,SELF_SUFFICIENT_RULE,"hand, one reader, blind to all rates; PROVISIONAL_PENDING_SECOND_READER",false,true,329,72.3,55.9,24,62.5,22,contemporary_5y (1442-1446)
commercial_courts_law:29,commercial_courts_law,29,corpus_registry.json / tracks / commercial_courts_law / article 29,SELF_SUFFICIENT_RULE,"hand, one reader, blind to all rates; PROVISIONAL_PENDING_SECOND_READER",false,true,320,85.9,2.8,10,,21,contemporary_5y (1442-1446)
evidence_law:110,evidence_law,110,corpus_registry.json / tracks / evidence_law / article 110,DUTY_OR_POWER_WITHOUT_DECISION_RULE,"hand, one reader, blind to all rates; PROVISIONAL_PENDING_SECOND_READER",false,true,314,48.7,25.5,35,48.6,19,contemporary_5y (1442-1446)
commercial_courts_law:9,commercial_courts_law,9,corpus_registry.json / tracks / commercial_courts_law / article 9,INSTITUTIONAL_DIRECTIVE,"hand, one reader, blind to all rates; PROVISIONAL_PENDING_SECOND_READER",false,true,312,23.4,12.5,10,,20,contemporary_5y (1442-1446)
law_practice_law:26,law_practice_law,26,corpus_registry.json / tracks / law_practice_law / article 26,OPEN_TEXTURED_STANDARD,"hand, one reader, blind to all rates; PROVISIONAL_PENDING_SECOND_READER",false,false,285,59.6,23.5,48,60.4,24,contemporary_5y (1442-1446)
commercial_courts_law:42,commercial_courts_law,42,corpus_registry.json / tracks / commercial_courts_law / article 42,SELF_SUFFICIENT_RULE,"hand, one reader, blind to all rates; PROVISIONAL_PENDING_SECOND_READER",false,false,279,64.2,51.6,34,61.8,43,contemporary_5y (1442-1446)
commercial_courts_law:22,commercial_courts_law,22,corpus_registry.json / tracks / commercial_courts_law / article 22,INSTITUTIONAL_DIRECTIVE,"hand, one reader, blind to all rates; PROVISIONAL_PENDING_SECOND_READER",false,false,274,46.0,25.5,77,9.1,25,contemporary_5y (1442-1446)
sharia_procedure_law:92,sharia_procedure_law,92,corpus_registry.json / tracks / sharia_procedure_law / article 92,SELF_SUFFICIENT_RULE,"hand, one reader, blind to all rates; PROVISIONAL_PENDING_SECOND_READER",false,false,260,7.3,7.3,6,,30,contemporary_5y (1442-1446)
commercial_courts_implementing_regulation:51,commercial_courts_implementing_regulation,51,corpus_registry.json / tracks / commercial_courts_implementing_regulation / article 51,INSTITUTIONAL_DIRECTIVE,"hand, one reader, blind to all rates; PROVISIONAL_PENDING_SECOND_READER",false,false,251,33.9,23.9,36,44.4,23,contemporary_5y (1442-1446)
commercial_courts_law:20,commercial_courts_law,20,corpus_registry.json / tracks / commercial_courts_law / article 20,INSTITUTIONAL_DIRECTIVE,"hand, one reader, blind to all rates; PROVISIONAL_PENDING_SECOND_READER",false,false,237,5.9,3.4,121,40.5,32,contemporary_5y (1442-1446)
sharia_procedure_law:200,sharia_procedure_law,200,corpus_registry.json / tracks / sharia_procedure_law / article 200,SELF_SUFFICIENT_RULE,"hand, one reader, blind to all rates; PROVISIONAL_PENDING_SECOND_READER",false,false,236,16.5,8.5,131,20.6,28,contemporary_5y (1442-1446)
evidence_law:2,evidence_law,2,corpus_registry.json / tracks / evidence_law / article 2,SELF_SUFFICIENT_RULE,"hand, one reader, blind to all rates; PROVISIONAL_PENDING_SECOND_READER",false,false,235,31.9,19.1,82,57.3,27,contemporary_5y (1442-1446)
evidence_law:103,evidence_law,103,corpus_registry.json / tracks / evidence_law / article 103,SELF_SUFFICIENT_RULE,"hand, one reader, blind to all rates; PROVISIONAL_PENDING_SECOND_READER",true,false,229,40.6,21.4,17,,29,contemporary_5y (1442-1446)
commercial_courts_implementing_regulation:137,commercial_courts_implementing_regulation,137,corpus_registry.json / tracks / commercial_courts_implementing_regulation / article 137,OPEN_TEXTURED_STANDARD,"hand, one reader, blind to all rates; PROVISIONAL_PENDING_SECOND_READER",false,true,225,84.4,13.3,0,,31,contemporary_5y (1442-1446)
commercial_courts_law:17,commercial_courts_law,17,corpus_registry.json / tracks / commercial_courts_law / article 17,INSTITUTIONAL_DIRECTIVE,"hand, one reader, blind to all rates; PROVISIONAL_PENDING_SECOND_READER",false,false,206,23.3,19.4,54,35.2,37,contemporary_5y (1442-1446)
commercial_courts_law:40,commercial_courts_law,40,corpus_registry.json / tracks / commercial_courts_law / article 40,DEFINITION_STATUS,"hand, one reader, blind to all rates; PROVISIONAL_PENDING_SECOND_READER",true,false,195,26.7,16.9,24,54.2,45,contemporary_5y (1442-1446)
commercial_courts_implementing_regulation:108,commercial_courts_implementing_regulation,108,corpus_registry.json / tracks / commercial_courts_implementing_regulation / article 108,SELF_SUFFICIENT_RULE,"hand, one reader, blind to all rates; PROVISIONAL_PENDING_SECOND_READER",false,false,187,5.9,0.0,8,,34,contemporary_5y (1442-1446)
arbitration_law:8,arbitration_law,8,corpus_registry.json / tracks / arbitration_law / article 8,INSTITUTIONAL_DIRECTIVE,"hand, one reader, blind to all rates; PROVISIONAL_PENDING_SECOND_READER",false,true,184,2.7,2.7,9,,33,contemporary_5y (1442-1446)
commercial_courts_implementing_regulation:16,commercial_courts_implementing_regulation,16,corpus_registry.json / tracks / commercial_courts_implementing_regulation / article 16,INSTITUTIONAL_DIRECTIVE,"hand, one reader, blind to all rates; PROVISIONAL_PENDING_SECOND_READER",false,true,177,3.4,0.6,9,,,contemporary_5y (1442-1446)
commercial_courts_implementing_regulation:59,commercial_courts_implementing_regulation,59,corpus_registry.json / tracks / commercial_courts_implementing_regulation / article 59,INSTITUTIONAL_DIRECTIVE,"hand, one reader, blind to all rates; PROVISIONAL_PENDING_SECOND_READER",false,true,171,1.8,1.8,13,,,contemporary_5y (1442-1446)
commercial_courts_law:2,commercial_courts_law,2,corpus_registry.json / tracks / commercial_courts_law / article 2,DEFINITION_STATUS,"hand, one reader, blind to all rates; PROVISIONAL_PENDING_SECOND_READER",false,true,170,51.2,2.9,685,28.9,38,contemporary_5y (1442-1446)
evidence_law:26,evidence_law,26,corpus_registry.json / tracks / evidence_law / article 26,SELF_SUFFICIENT_RULE,"hand, one reader, blind to all rates; PROVISIONAL_PENDING_SECOND_READER",false,true,169,76.3,73.4,23,60.9,35,contemporary_5y (1442-1446)
companies_law:53,companies_law,53,corpus_registry.json / tracks / companies_law / article 53,,not classified: outside the n>=30 frame,,,157,51.6,33.1,5,,,contemporary_5y (1442-1446)
evidence_law:18,evidence_law,18,corpus_registry.json / tracks / evidence_law / article 18,SELF_SUFFICIENT_RULE,"hand, one reader, blind to all rates; PROVISIONAL_PENDING_SECOND_READER",false,false,153,39.9,32.7,66,50.0,39,contemporary_5y (1442-1446)
evidence_law:93,evidence_law,93,corpus_registry.json / tracks / evidence_law / article 93,OPEN_TEXTURED_STANDARD,"hand, one reader, blind to all rates; PROVISIONAL_PENDING_SECOND_READER",false,false,149,34.9,22.8,46,30.4,40,contemporary_5y (1442-1446)
evidence_law:122,evidence_law,122,corpus_registry.json / tracks / evidence_law / article 122,SELF_SUFFICIENT_RULE,"hand, one reader, blind to all rates; PROVISIONAL_PENDING_SECOND_READER",false,false,146,37.7,30.1,28,46.4,36,contemporary_5y (1442-1446)
sharia_procedure_law:30,sharia_procedure_law,30,corpus_registry.json / tracks / sharia_procedure_law / article 30,OPEN_TEXTURED_STANDARD,"hand, one reader, blind to all rates; PROVISIONAL_PENDING_SECOND_READER",false,false,140,2.9,2.1,17,,,contemporary_5y (1442-1446)
companies_law:52,companies_law,52,corpus_registry.json / tracks / companies_law / article 52,,not classified: outside the n>=30 frame,,,139,5.8,5.0,76,19.7,18,contemporary_5y (1442-1446)
evidence_law:92,evidence_law,92,corpus_registry.json / tracks / evidence_law / article 92,DEFINITION_STATUS,"hand, one reader, blind to all rates; PROVISIONAL_PENDING_SECOND_READER",false,false,137,30.7,16.8,19,,42,contemporary_5y (1442-1446)
sharia_procedure_law:35,sharia_procedure_law,35,corpus_registry.json / tracks / sharia_procedure_law / article 35,INSTITUTIONAL_DIRECTIVE,"hand, one reader, blind to all rates; PROVISIONAL_PENDING_SECOND_READER",false,false,132,9.1,3.8,12,,,contemporary_5y (1442-1446)
commercial_courts_law:8,commercial_courts_law,8,corpus_registry.json / tracks / commercial_courts_law / article 8,INSTITUTIONAL_DIRECTIVE,"hand, one reader, blind to all rates; PROVISIONAL_PENDING_SECOND_READER",false,false,131,6.9,3.1,17,,,contemporary_5y (1442-1446)
commercial_courts_implementing_regulation:90,commercial_courts_implementing_regulation,90,corpus_registry.json / tracks / commercial_courts_implementing_regulation / article 90,INSTITUTIONAL_DIRECTIVE,"hand, one reader, blind to all rates; PROVISIONAL_PENDING_SECOND_READER",false,true,126,19.0,14.3,4974,13.6,,contemporary_5y (1442-1446)
commercial_courts_law:19,commercial_courts_law,19,corpus_registry.json / tracks / commercial_courts_law / article 19,INSTITUTIONAL_DIRECTIVE,"hand, one reader, blind to all rates; PROVISIONAL_PENDING_SECOND_READER",false,true,126,3.2,2.4,332,37.3,,contemporary_5y (1442-1446)
evidence_law:97,evidence_law,97,corpus_registry.json / tracks / evidence_law / article 97,SELF_SUFFICIENT_RULE,"hand, one reader, blind to all rates; PROVISIONAL_PENDING_SECOND_READER",false,false,125,38.4,11.2,13,,46,contemporary_5y (1442-1446)
commercial_courts_implementing_regulation:56,commercial_courts_implementing_regulation,56,corpus_registry.json / tracks / commercial_courts_implementing_regulation / article 56,SELF_SUFFICIENT_RULE,"hand, one reader, blind to all rates; PROVISIONAL_PENDING_SECOND_READER",false,false,125,32.0,20.0,4,,48,contemporary_5y (1442-1446)
evidence_law:98,evidence_law,98,corpus_registry.json / tracks / evidence_law / article 98,SELF_SUFFICIENT_RULE,"hand, one reader, blind to all rates; PROVISIONAL_PENDING_SECOND_READER",false,false,120,38.3,15.8,6,,47,contemporary_5y (1442-1446)
sharia_procedure_law:41,sharia_procedure_law,41,corpus_registry.json / tracks / sharia_procedure_law / article 41,INSTITUTIONAL_DIRECTIVE,"hand, one reader, blind to all rates; PROVISIONAL_PENDING_SECOND_READER",false,false,117,3.4,3.4,58,29.3,,contemporary_5y (1442-1446)
sharia_procedure_law:128,sharia_procedure_law,128,corpus_registry.json / tracks / sharia_procedure_law / article 128,DUTY_OR_POWER_WITHOUT_DECISION_RULE,"hand, one reader, blind to all rates; PROVISIONAL_PENDING_SECOND_READER",false,false,116,69.0,56.0,3,,,contemporary_5y (1442-1446)
civil_transactions_law:120,civil_transactions_law,120,corpus_registry.json / tracks / civil_transactions_law / article 120,OPEN_TEXTURED_STANDARD,"hand, one reader, blind to all rates; PROVISIONAL_PENDING_SECOND_READER",false,false,116,28.4,10.3,31,64.5,49,contemporary_5y (1442-1446)
evidence_law:16,evidence_law,16,corpus_registry.json / tracks / evidence_law / article 16,OPEN_TEXTURED_STANDARD,"hand, one reader, blind to all rates; PROVISIONAL_PENDING_SECOND_READER",true,false,114,34.2,22.8,40,62.5,,contemporary_5y (1442-1446)
evidence_law:105,evidence_law,105,corpus_registry.json / tracks / evidence_law / article 105,SELF_SUFFICIENT_RULE,"hand, one reader, blind to all rates; PROVISIONAL_PENDING_SECOND_READER",false,false,114,35.1,26.3,25,48.0,50,contemporary_5y (1442-1446)
sharia_procedure_law:66,sharia_procedure_law,66,corpus_registry.json / tracks / sharia_procedure_law / article 66,SELF_SUFFICIENT_RULE,"hand, one reader, blind to all rates; PROVISIONAL_PENDING_SECOND_READER",false,true,113,34.5,30.1,151,42.4,,contemporary_5y (1442-1446)
evidence_law:22,evidence_law,22,corpus_registry.json / tracks / evidence_law / article 22,SELF_SUFFICIENT_RULE,"hand, one reader, blind to all rates; PROVISIONAL_PENDING_SECOND_READER",false,false,112,38.4,27.7,7,,,contemporary_5y (1442-1446)
commercial_courts_implementing_regulation:215,commercial_courts_implementing_regulation,215,corpus_registry.json / tracks / commercial_courts_implementing_regulation / article 215,INSTITUTIONAL_DIRECTIVE,"hand, one reader, blind to all rates; PROVISIONAL_PENDING_SECOND_READER",false,false,109,33.9,27.5,1,,,contemporary_5y (1442-1446)
trade_names_law:9,trade_names_law,9,corpus_registry.json / tracks / trade_names_law / article 9,,not classified: outside the n>=30 frame,,,108,31.5,11.1,69,21.7,,contemporary_5y (1442-1446)
companies_law:152,companies_law,152,corpus_registry.json / tracks / companies_law / article 152,,not classified: outside the n>=30 frame,,,108,2.8,2.8,53,15.1,44,contemporary_5y (1442-1446)
commercial_courts_law:215,commercial_courts_law,215,corpus_registry.json / tracks / commercial_courts_law / article 215,,not classified: outside the n>=30 frame,,,107,27.1,14.0,0,,,contemporary_5y (1442-1446)
sharia_procedure_law:78,sharia_procedure_law,78,corpus_registry.json / tracks / sharia_procedure_law / article 78,INSTITUTIONAL_DIRECTIVE,"hand, one reader, blind to all rates; PROVISIONAL_PENDING_SECOND_READER",false,false,98,37.8,33.7,12,,,contemporary_5y (1442-1446)
sharia_procedure_law:73,sharia_procedure_law,73,corpus_registry.json / tracks / sharia_procedure_law / article 73,INSTITUTIONAL_DIRECTIVE,"hand, one reader, blind to all rates; PROVISIONAL_PENDING_SECOND_READER",false,false,97,68.0,66.0,43,53.5,,contemporary_5y (1442-1446)
commercial_courts_implementing_regulation:240,commercial_courts_implementing_regulation,240,corpus_registry.json / tracks / commercial_courts_implementing_regulation / article 240,INSTITUTIONAL_DIRECTIVE,"hand, one reader, blind to all rates; PROVISIONAL_PENDING_SECOND_READER",false,false,96,3.1,3.1,14,,,contemporary_5y (1442-1446)
commercial_courts_implementing_regulation:81,commercial_courts_implementing_regulation,81,corpus_registry.json / tracks / commercial_courts_implementing_regulation / article 81,INSTITUTIONAL_DIRECTIVE,"hand, one reader, blind to all rates; PROVISIONAL_PENDING_SECOND_READER",false,false,94,28.7,5.3,5,,,contemporary_5y (1442-1446)
commercial_courts_law:36,commercial_courts_law,36,corpus_registry.json / tracks / commercial_courts_law / article 36,DEFINITION_STATUS,"hand, one reader, blind to all rates; PROVISIONAL_PENDING_SECOND_READER",true,false,92,2.2,0.0,55,9.1,,contemporary_5y (1442-1446)
sharia_procedure_law:16,sharia_procedure_law,16,corpus_registry.json / tracks / sharia_procedure_law / article 16,SELF_SUFFICIENT_RULE,"hand, one reader, blind to all rates; PROVISIONAL_PENDING_SECOND_READER",false,false,88,4.5,3.4,1,,,contemporary_5y (1442-1446)
commercial_courts_implementing_regulation:243,commercial_courts_implementing_regulation,243,corpus_registry.json / tracks / commercial_courts_implementing_regulation / article 243,INSTITUTIONAL_DIRECTIVE,"hand, one reader, blind to all rates; PROVISIONAL_PENDING_SECOND_READER",false,false,88,31.8,19.3,27,22.2,,contemporary_5y (1442-1446)
evidence_law:109,evidence_law,109,corpus_registry.json / tracks / evidence_law / article 109,DUTY_OR_POWER_WITHOUT_DECISION_RULE,"hand, one reader, blind to all rates; PROVISIONAL_PENDING_SECOND_READER",false,false,85,45.9,0.0,12,,,contemporary_5y (1442-1446)
evidence_law:5,evidence_law,5,corpus_registry.json / tracks / evidence_law / article 5,SELF_SUFFICIENT_RULE,"hand, one reader, blind to all rates; PROVISIONAL_PENDING_SECOND_READER",false,false,84,6.0,1.2,17,,,contemporary_5y (1442-1446)
evidence_law:31,evidence_law,31,corpus_registry.json / tracks / evidence_law / article 31,SELF_SUFFICIENT_RULE,"hand, one reader, blind to all rates; PROVISIONAL_PENDING_SECOND_READER",false,false,82,37.8,25.6,28,60.7,,contemporary_5y (1442-1446)
commercial_courts_law:21,commercial_courts_law,21,corpus_registry.json / tracks / commercial_courts_law / article 21,INSTITUTIONAL_DIRECTIVE,"hand, one reader, blind to all rates; PROVISIONAL_PENDING_SECOND_READER",false,false,79,0.0,0.0,25,44.0,,contemporary_5y (1442-1446)
sharia_procedure_law:67,sharia_procedure_law,67,corpus_registry.json / tracks / sharia_procedure_law / article 67,EXTERNAL_REFERRAL,"hand, one reader, blind to all rates; PROVISIONAL_PENDING_SECOND_READER",false,false,78,25.6,20.5,37,51.4,,contemporary_5y (1442-1446)
commercial_courts_implementing_regulation:21,commercial_courts_implementing_regulation,21,corpus_registry.json / tracks / commercial_courts_implementing_regulation / article 21,INSTITUTIONAL_DIRECTIVE,"hand, one reader, blind to all rates; PROVISIONAL_PENDING_SECOND_READER",false,false,77,3.9,0.0,2,,,contemporary_5y (1442-1446)
commercial_courts_implementing_regulation:76,commercial_courts_implementing_regulation,76,corpus_registry.json / tracks / commercial_courts_implementing_regulation / article 76,INSTITUTIONAL_DIRECTIVE,"hand, one reader, blind to all rates; PROVISIONAL_PENDING_SECOND_READER",false,false,76,3.9,1.3,20,35.0,,contemporary_5y (1442-1446)
arbitration_law:11,arbitration_law,11,corpus_registry.json / tracks / arbitration_law / article 11,SELF_SUFFICIENT_RULE,"hand, one reader, blind to all rates; PROVISIONAL_PENDING_SECOND_READER",false,false,76,9.2,9.2,41,14.6,,contemporary_5y (1442-1446)
sharia_procedure_law:75,sharia_procedure_law,75,corpus_registry.json / tracks / sharia_procedure_law / article 75,SELF_SUFFICIENT_RULE,"hand, one reader, blind to all rates; PROVISIONAL_PENDING_SECOND_READER",false,false,73,9.6,8.2,48,25.0,,contemporary_5y (1442-1446)
commercial_courts_implementing_regulation:8,commercial_courts_implementing_regulation,8,corpus_registry.json / tracks / commercial_courts_implementing_regulation / article 8,SELF_SUFFICIENT_RULE,"hand, one reader, blind to all rates; PROVISIONAL_PENDING_SECOND_READER",false,false,72,0.0,0.0,4,,,contemporary_5y (1442-1446)
commercial_courts_implementing_regulation:133,commercial_courts_implementing_regulation,133,corpus_registry.json / tracks / commercial_courts_implementing_regulation / article 133,SELF_SUFFICIENT_RULE,"hand, one reader, blind to all rates; PROVISIONAL_PENDING_SECOND_READER",false,false,72,47.2,30.6,7,,,contemporary_5y (1442-1446)
civil_transactions_law:720,civil_transactions_law,720,corpus_registry.json / tracks / civil_transactions_law / article 720,EXTERNAL_REFERRAL,"hand, one reader, blind to all rates; PROVISIONAL_PENDING_SECOND_READER",false,false,72,16.7,4.2,9,,,contemporary_5y (1442-1446)
commercial_courts_implementing_regulation:69,commercial_courts_implementing_regulation,69,corpus_registry.json / tracks / commercial_courts_implementing_regulation / article 69,INSTITUTIONAL_DIRECTIVE,"hand, one reader, blind to all rates; PROVISIONAL_PENDING_SECOND_READER",false,false,71,4.2,4.2,25,12.0,,contemporary_5y (1442-1446)
arbitration_law:51,arbitration_law,51,corpus_registry.json / tracks / arbitration_law / article 51,INSTITUTIONAL_DIRECTIVE,"hand, one reader, blind to all rates; PROVISIONAL_PENDING_SECOND_READER",true,false,70,4.3,4.3,5,,,contemporary_5y (1442-1446)
commercial_courts_implementing_regulation:104,commercial_courts_implementing_regulation,104,corpus_registry.json / tracks / commercial_courts_implementing_regulation / article 104,SELF_SUFFICIENT_RULE,"hand, one reader, blind to all rates; PROVISIONAL_PENDING_SECOND_READER",false,false,70,0.0,0.0,5,,,contemporary_5y (1442-1446)
law_practice_implementing_regulation:28,law_practice_implementing_regulation,28,corpus_registry.json / tracks / law_practice_implementing_regulation / article 28,,not classified: outside the n>=30 frame,,,70,50.0,45.7,15,,,contemporary_5y (1442-1446)
commercial_courts_law:3,commercial_courts_law,3,corpus_registry.json / tracks / commercial_courts_law / article 3,INSTITUTIONAL_DIRECTIVE,"hand, one reader, blind to all rates; PROVISIONAL_PENDING_SECOND_READER",false,false,67,35.8,28.4,6,,,contemporary_5y (1442-1446)
sharia_procedure_law:1,sharia_procedure_law,1,corpus_registry.json / tracks / sharia_procedure_law / article 1,EXTERNAL_REFERRAL,"hand, one reader, blind to all rates; PROVISIONAL_PENDING_SECOND_READER",false,false,65,13.8,13.8,19,,,contemporary_5y (1442-1446)
sharia_procedure_implementing_regulation:78,sharia_procedure_implementing_regulation,78,corpus_registry.json / tracks / sharia_procedure_implementing_regulation / article 78,,not classified: outside the n>=30 frame,,,65,36.9,23.1,5,,,contemporary_5y (1442-1446)
commercial_courts_law:58,commercial_courts_law,58,corpus_registry.json / tracks / commercial_courts_law / article 58,OPEN_TEXTURED_STANDARD,"hand, one reader, blind to all rates; PROVISIONAL_PENDING_SECOND_READER",false,true,64,40.6,28.1,754,15.1,,contemporary_5y (1442-1446)
commercial_courts_law:164,commercial_courts_law,164,corpus_registry.json / tracks / commercial_courts_law / article 164,,not classified: outside the n>=30 frame,,,62,59.7,53.2,34,35.3,,contemporary_5y (1442-1446)
commercial_courts_implementing_regulation:245,commercial_courts_implementing_regulation,245,corpus_registry.json / tracks / commercial_courts_implementing_regulation / article 245,SELF_SUFFICIENT_RULE,"hand, one reader, blind to all rates; PROVISIONAL_PENDING_SECOND_READER",false,false,61,14.8,11.5,30,10.0,,contemporary_5y (1442-1446)
sharia_procedure_law:68,sharia_procedure_law,68,corpus_registry.json / tracks / sharia_procedure_law / article 68,OPEN_TEXTURED_STANDARD,"hand, one reader, blind to all rates; PROVISIONAL_PENDING_SECOND_READER",false,false,61,24.6,19.7,7,,,contemporary_5y (1442-1446)
law_practice_law:28,law_practice_law,28,corpus_registry.json / tracks / law_practice_law / article 28,OPEN_TEXTURED_STANDARD,"hand, one reader, blind to all rates; PROVISIONAL_PENDING_SECOND_READER",false,false,60,60.0,43.3,6,,,contemporary_5y (1442-1446)
sharia_procedure_law:11,sharia_procedure_law,11,corpus_registry.json / tracks / sharia_procedure_law / article 11,INSTITUTIONAL_DIRECTIVE,"hand, one reader, blind to all rates; PROVISIONAL_PENDING_SECOND_READER",false,false,60,0.0,0.0,7,,,contemporary_5y (1442-1446)
commercial_courts_implementing_regulation:237,commercial_courts_implementing_regulation,237,corpus_registry.json / tracks / commercial_courts_implementing_regulation / article 237,DEFINITION_STATUS,"hand, one reader, blind to all rates; PROVISIONAL_PENDING_SECOND_READER",false,false,58,12.1,6.9,2,,,contemporary_5y (1442-1446)
commercial_courts_implementing_regulation:31,commercial_courts_implementing_regulation,31,corpus_registry.json / tracks / commercial_courts_implementing_regulation / article 31,INSTITUTIONAL_DIRECTIVE,"hand, one reader, blind to all rates; PROVISIONAL_PENDING_SECOND_READER",false,false,56,5.4,0.0,34,41.2,,contemporary_5y (1442-1446)
arbitration_law:50,arbitration_law,50,corpus_registry.json / tracks / arbitration_law / article 50,SELF_SUFFICIENT_RULE,"hand, one reader, blind to all rates; PROVISIONAL_PENDING_SECOND_READER",false,false,53,13.2,13.2,32,15.6,,contemporary_5y (1442-1446)
arbitration_implementing_regulation:9,arbitration_implementing_regulation,9,corpus_registry.json / tracks / arbitration_implementing_regulation / article 9,,not classified: outside the n>=30 frame,,,50,0.0,0.0,27,0.0,,contemporary_5y (1442-1446)
companies_law:153,companies_law,153,corpus_registry.json / tracks / companies_law / article 153,,not classified: outside the n>=30 frame,,,48,75.0,43.8,45,17.8,,contemporary_5y (1442-1446)
commercial_courts_law:86,commercial_courts_law,86,corpus_registry.json / tracks / commercial_courts_law / article 86,INSTITUTIONAL_DIRECTIVE,"hand, one reader, blind to all rates; PROVISIONAL_PENDING_SECOND_READER",false,false,47,17.0,8.5,10,,,contemporary_5y (1442-1446)
commercial_courts_law:73,commercial_courts_law,73,corpus_registry.json / tracks / commercial_courts_law / article 73,INSTITUTIONAL_DIRECTIVE,"hand, one reader, blind to all rates; PROVISIONAL_PENDING_SECOND_READER",false,false,46,37.0,19.6,0,,,contemporary_5y (1442-1446)
commercial_courts_implementing_regulation:77,commercial_courts_implementing_regulation,77,corpus_registry.json / tracks / commercial_courts_implementing_regulation / article 77,SELF_SUFFICIENT_RULE,"hand, one reader, blind to all rates; PROVISIONAL_PENDING_SECOND_READER",false,false,46,6.5,6.5,21,23.8,,contemporary_5y (1442-1446)
arbitration_law:5,arbitration_law,5,corpus_registry.json / tracks / arbitration_law / article 5,EXTERNAL_REFERRAL,"hand, one reader, blind to all rates; PROVISIONAL_PENDING_SECOND_READER",false,false,45,0.0,0.0,7,,,contemporary_5y (1442-1446)
commercial_courts_implementing_regulation:52,commercial_courts_implementing_regulation,52,corpus_registry.json / tracks / commercial_courts_implementing_regulation / article 52,INSTITUTIONAL_DIRECTIVE,"hand, one reader, blind to all rates; PROVISIONAL_PENDING_SECOND_READER",false,false,45,6.7,2.2,4,,,contemporary_5y (1442-1446)
commercial_courts_implementing_regulation:37,commercial_courts_implementing_regulation,37,corpus_registry.json / tracks / commercial_courts_implementing_regulation / article 37,SELF_SUFFICIENT_RULE,"hand, one reader, blind to all rates; PROVISIONAL_PENDING_SECOND_READER",false,false,45,0.0,0.0,2,,,contemporary_5y (1442-1446)
commercial_courts_implementing_regulation:70,commercial_courts_implementing_regulation,70,corpus_registry.json / tracks / commercial_courts_implementing_regulation / article 70,INSTITUTIONAL_DIRECTIVE,"hand, one reader, blind to all rates; PROVISIONAL_PENDING_SECOND_READER",false,false,43,4.7,4.7,31,29.0,,contemporary_5y (1442-1446)
commercial_courts_implementing_regulation:208,commercial_courts_implementing_regulation,208,corpus_registry.json / tracks / commercial_courts_implementing_regulation / article 208,SELF_SUFFICIENT_RULE,"hand, one reader, blind to all rates; PROVISIONAL_PENDING_SECOND_READER",false,false,43,46.5,37.2,1,,,contemporary_5y (1442-1446)
commercial_courts_implementing_regulation:102,commercial_courts_implementing_regulation,102,corpus_registry.json / tracks / commercial_courts_implementing_regulation / article 102,INSTITUTIONAL_DIRECTIVE,"hand, one reader, blind to all rates; PROVISIONAL_PENDING_SECOND_READER",false,false,42,4.8,0.0,12,,,contemporary_5y (1442-1446)
commercial_courts_law:27,commercial_courts_law,27,corpus_registry.json / tracks / commercial_courts_law / article 27,OPEN_TEXTURED_STANDARD,"hand, one reader, blind to all rates; PROVISIONAL_PENDING_SECOND_READER",true,false,41,14.6,12.2,6,,,contemporary_5y (1442-1446)
commercial_courts_implementing_regulation:71,commercial_courts_implementing_regulation,71,corpus_registry.json / tracks / commercial_courts_implementing_regulation / article 71,INSTITUTIONAL_DIRECTIVE,"hand, one reader, blind to all rates; PROVISIONAL_PENDING_SECOND_READER",false,false,40,12.5,10.0,23,43.5,,contemporary_5y (1442-1446)
sharia_procedure_law:93,sharia_procedure_law,93,corpus_registry.json / tracks / sharia_procedure_law / article 93,SELF_SUFFICIENT_RULE,"hand, one reader, blind to all rates; PROVISIONAL_PENDING_SECOND_READER",false,false,39,10.3,10.3,3,,,contemporary_5y (1442-1446)
sharia_procedure_law:205,sharia_procedure_law,205,corpus_registry.json / tracks / sharia_procedure_law / article 205,OPEN_TEXTURED_STANDARD,"hand, one reader, blind to all rates; PROVISIONAL_PENDING_SECOND_READER",false,false,39,2.6,0.0,8,,,contemporary_5y (1442-1446)
sharia_procedure_law:83,sharia_procedure_law,83,corpus_registry.json / tracks / sharia_procedure_law / article 83,SELF_SUFFICIENT_RULE,"hand, one reader, blind to all rates; PROVISIONAL_PENDING_SECOND_READER",false,false,38,2.6,2.6,40,30.0,,contemporary_5y (1442-1446)
bankruptcy_law:7,bankruptcy_law,7,corpus_registry.json / tracks / bankruptcy_law / article 7,SELF_SUFFICIENT_RULE,"hand, one reader, blind to all rates; PROVISIONAL_PENDING_SECOND_READER",false,false,38,0.0,0.0,13,,,contemporary_5y (1442-1446)
evidence_law:39,evidence_law,39,corpus_registry.json / tracks / evidence_law / article 39,SELF_SUFFICIENT_RULE,"hand, one reader, blind to all rates; PROVISIONAL_PENDING_SECOND_READER",false,false,38,34.2,10.5,18,,,contemporary_5y (1442-1446)
evidence_law:36,evidence_law,36,corpus_registry.json / tracks / evidence_law / article 36,OPEN_TEXTURED_STANDARD,"hand, one reader, blind to all rates; PROVISIONAL_PENDING_SECOND_READER",true,false,38,55.3,0.0,20,50.0,,contemporary_5y (1442-1446)
commercial_courts_law:82,commercial_courts_law,82,corpus_registry.json / tracks / commercial_courts_law / article 82,INSTITUTIONAL_DIRECTIVE,"hand, one reader, blind to all rates; PROVISIONAL_PENDING_SECOND_READER",true,false,37,32.4,27.0,3,,,contemporary_5y (1442-1446)
sharia_procedure_implementing_regulation:92,sharia_procedure_implementing_regulation,92,corpus_registry.json / tracks / sharia_procedure_implementing_regulation / article 92,,not classified: outside the n>=30 frame,,,37,0.0,0.0,6,,,contemporary_5y (1442-1446)
commercial_courts_implementing_regulation:204,commercial_courts_implementing_regulation,204,corpus_registry.json / tracks / commercial_courts_implementing_regulation / article 204,OPEN_TEXTURED_STANDARD,"hand, one reader, blind to all rates; PROVISIONAL_PENDING_SECOND_READER",true,false,36,22.2,13.9,0,,,contemporary_5y (1442-1446)
commercial_courts_law:31,commercial_courts_law,31,corpus_registry.json / tracks / commercial_courts_law / article 31,OPEN_TEXTURED_STANDARD,"hand, one reader, blind to all rates; PROVISIONAL_PENDING_SECOND_READER",true,false,36,22.2,5.6,115,11.3,,contemporary_5y (1442-1446)
arbitration_law:15,arbitration_law,15,corpus_registry.json / tracks / arbitration_law / article 15,INSTITUTIONAL_DIRECTIVE,"hand, one reader, blind to all rates; PROVISIONAL_PENDING_SECOND_READER",false,false,35,0.0,0.0,15,,,contemporary_5y (1442-1446)
sharia_procedure_law:108,sharia_procedure_law,108,corpus_registry.json / tracks / sharia_procedure_law / article 108,SELF_SUFFICIENT_RULE,"hand, one reader, blind to all rates; PROVISIONAL_PENDING_SECOND_READER",false,false,34,67.6,67.6,5,,,contemporary_5y (1442-1446)
civil_transactions_law:107,civil_transactions_law,107,corpus_registry.json / tracks / civil_transactions_law / article 107,OPEN_TEXTURED_STANDARD,"hand, one reader, blind to all rates; PROVISIONAL_PENDING_SECOND_READER",false,false,34,29.4,5.9,17,,,contemporary_5y (1442-1446)
sharia_procedure_law:113,sharia_procedure_law,113,corpus_registry.json / tracks / sharia_procedure_law / article 113,SELF_SUFFICIENT_RULE,"hand, one reader, blind to all rates; PROVISIONAL_PENDING_SECOND_READER",false,false,33,15.2,9.1,6,,,contemporary_5y (1442-1446)
evidence_law:86,evidence_law,86,corpus_registry.json / tracks / evidence_law / article 86,SELF_SUFFICIENT_RULE,"hand, one reader, blind to all rates; PROVISIONAL_PENDING_SECOND_READER",false,false,33,24.2,24.2,38,44.7,,contemporary_5y (1442-1446)
arbitration_law:55,arbitration_law,55,corpus_registry.json / tracks / arbitration_law / article 55,EXTERNAL_REFERRAL,"hand, one reader, blind to all rates; PROVISIONAL_PENDING_SECOND_READER",false,false,32,0.0,0.0,1,,,contemporary_5y (1442-1446)
sharia_procedure_law:36,sharia_procedure_law,36,corpus_registry.json / tracks / sharia_procedure_law / article 36,INSTITUTIONAL_DIRECTIVE,"hand, one reader, blind to all rates; PROVISIONAL_PENDING_SECOND_READER",false,false,32,34.4,28.1,18,,,contemporary_5y (1442-1446)
evidence_law:30,evidence_law,30,corpus_registry.json / tracks / evidence_law / article 30,SELF_SUFFICIENT_RULE,"hand, one reader, blind to all rates; PROVISIONAL_PENDING_SECOND_READER",false,false,31,45.2,32.3,15,,,contemporary_5y (1442-1446)
evidence_law:40,evidence_law,40,corpus_registry.json / tracks / evidence_law / article 40,OPEN_TEXTURED_STANDARD,"hand, one reader, blind to all rates; PROVISIONAL_PENDING_SECOND_READER",true,false,31,51.6,32.3,15,,,contemporary_5y (1442-1446)
commercial_courts_implementing_regulation:106,commercial_courts_implementing_regulation,106,corpus_registry.json / tracks / commercial_courts_implementing_regulation / article 106,INSTITUTIONAL_DIRECTIVE,"hand, one reader, blind to all rates; PROVISIONAL_PENDING_SECOND_READER",false,false,31,6.5,0.0,0,,,contemporary_5y (1442-1446)
commercial_courts_law:43,commercial_courts_law,43,corpus_registry.json / tracks / commercial_courts_law / article 43,,not classified: outside the n>=30 frame,,,29,27.6,17.2,18,,,contemporary_5y (1442-1446)
commercial_courts_implementing_regulation:225,commercial_courts_implementing_regulation,225,corpus_registry.json / tracks / commercial_courts_implementing_regulation / article 225,,not classified: outside the n>=30 frame,,,28,28.6,14.3,1,,,contemporary_5y (1442-1446)
sharia_procedure_law:139,sharia_procedure_law,139,corpus_registry.json / tracks / sharia_procedure_law / article 139,,not classified: outside the n>=30 frame,,,28,39.3,32.1,14,,,contemporary_5y (1442-1446)
sharia_procedure_law:185,sharia_procedure_law,185,corpus_registry.json / tracks / sharia_procedure_law / article 185,,not classified: outside the n>=30 frame,,,28,35.7,28.6,7,,,contemporary_5y (1442-1446)
sharia_procedure_implementing_regulation:70,sharia_procedure_implementing_regulation,70,corpus_registry.json / tracks / sharia_procedure_implementing_regulation / article 70,,not classified: outside the n>=30 frame,,,28,39.3,3.6,1,,,contemporary_5y (1442-1446)
commercial_courts_law:81,commercial_courts_law,81,corpus_registry.json / tracks / commercial_courts_law / article 81,INSTITUTIONAL_DIRECTIVE,"hand, one reader, blind to all rates; PROVISIONAL_PENDING_SECOND_READER",false,false,28,28.6,17.9,16,,,contemporary_5y (1442-1446)
commercial_courts_law:66,commercial_courts_law,66,corpus_registry.json / tracks / commercial_courts_law / article 66,,not classified: outside the n>=30 frame,,,27,18.5,11.1,2,,,contemporary_5y (1442-1446)
commercial_courts_law:15,commercial_courts_law,15,corpus_registry.json / tracks / commercial_courts_law / article 15,,not classified: outside the n>=30 frame,,,27,88.9,85.2,3,,,contemporary_5y (1442-1446)
law_practice_law:5,law_practice_law,5,corpus_registry.json / tracks / law_practice_law / article 5,,not classified: outside the n>=30 frame,,,27,88.9,14.8,0,,,contemporary_5y (1442-1446)
commercial_courts_law:77,commercial_courts_law,77,corpus_registry.json / tracks / commercial_courts_law / article 77,,not classified: outside the n>=30 frame,,,26,15.4,15.4,11,,,contemporary_5y (1442-1446)
evidence_law:101,evidence_law,101,corpus_registry.json / tracks / evidence_law / article 101,,not classified: outside the n>=30 frame,,,26,23.1,11.5,2,,,contemporary_5y (1442-1446)
commercial_courts_implementing_regulation:244,commercial_courts_implementing_regulation,244,corpus_registry.json / tracks / commercial_courts_implementing_regulation / article 244,OPEN_TEXTURED_STANDARD,"hand, one reader, blind to all rates; PROVISIONAL_PENDING_SECOND_READER",true,true,26,19.2,15.4,172,15.7,,contemporary_5y (1442-1446)
civil_transactions_law:17,civil_transactions_law,17,corpus_registry.json / tracks / civil_transactions_law / article 17,,not classified: outside the n>=30 frame,,,26,0.0,0.0,0,,,contemporary_5y (1442-1446)
trademark_law:42,trademark_law,42,corpus_registry.json / tracks / trademark_law / article 42,,not classified: outside the n>=30 frame,,,25,4.0,0.0,17,,,contemporary_5y (1442-1446)
commercial_courts_law:18,commercial_courts_law,18,corpus_registry.json / tracks / commercial_courts_law / article 18,,not classified: outside the n>=30 frame,,,25,40.0,12.0,6,,,contemporary_5y (1442-1446)
commercial_courts_law:70,commercial_courts_law,70,corpus_registry.json / tracks / commercial_courts_law / article 70,,not classified: outside the n>=30 frame,,,24,0.0,0.0,7,,,contemporary_5y (1442-1446)
evidence_law:6,evidence_law,6,corpus_registry.json / tracks / evidence_law / article 6,,not classified: outside the n>=30 frame,,,24,25.0,4.2,27,63.0,,contemporary_5y (1442-1446)
arbitration_law:53,arbitration_law,53,corpus_registry.json / tracks / arbitration_law / article 53,INSTITUTIONAL_DIRECTIVE,"hand, one reader, blind to all rates; PROVISIONAL_PENDING_SECOND_READER",false,false,23,0.0,0.0,0,,,contemporary_5y (1442-1446)
law_practice_implementing_regulation:5,law_practice_implementing_regulation,5,corpus_registry.json / tracks / law_practice_implementing_regulation / article 5,,not classified: outside the n>=30 frame,,,23,13.0,8.7,4,,,contemporary_5y (1442-1446)
commercial_courts_law:87,commercial_courts_law,87,corpus_registry.json / tracks / commercial_courts_law / article 87,,not classified: outside the n>=30 frame,,,23,21.7,17.4,2,,,contemporary_5y (1442-1446)
companies_law:14,companies_law,14,corpus_registry.json / tracks / companies_law / article 14,,not classified: outside the n>=30 frame,,,23,8.7,4.3,5,,,contemporary_5y (1442-1446)
commercial_courts_implementing_regulation:53,commercial_courts_implementing_regulation,53,corpus_registry.json / tracks / commercial_courts_implementing_regulation / article 53,,not classified: outside the n>=30 frame,,,23,30.4,13.0,17,,,contemporary_5y (1442-1446)
commercial_courts_implementing_regulation:72,commercial_courts_implementing_regulation,72,corpus_registry.json / tracks / commercial_courts_implementing_regulation / article 72,,not classified: outside the n>=30 frame,,,22,9.1,0.0,14,,,contemporary_5y (1442-1446)
sharia_procedure_law:109,sharia_procedure_law,109,corpus_registry.json / tracks / sharia_procedure_law / article 109,,not classified: outside the n>=30 frame,,,22,13.6,9.1,2,,,contemporary_5y (1442-1446)
sharia_procedure_law:8,sharia_procedure_law,8,corpus_registry.json / tracks / sharia_procedure_law / article 8,,not classified: outside the n>=30 frame,,,22,0.0,0.0,1,,,contemporary_5y (1442-1446)
sharia_procedure_law:3,sharia_procedure_law,3,corpus_registry.json / tracks / sharia_procedure_law / article 3,,not classified: outside the n>=30 frame,,,22,22.7,13.6,94,54.3,,contemporary_5y (1442-1446)
evidence_law:96,evidence_law,96,corpus_registry.json / tracks / evidence_law / article 96,,not classified: outside the n>=30 frame,,,22,40.9,27.3,9,,,contemporary_5y (1442-1446)
evidence_law:55,evidence_law,55,corpus_registry.json / tracks / evidence_law / article 55,,not classified: outside the n>=30 frame,,,22,31.8,13.6,24,54.2,,contemporary_5y (1442-1446)
sharia_procedure_law:2,sharia_procedure_law,2,corpus_registry.json / tracks / sharia_procedure_law / article 2,,not classified: outside the n>=30 frame,,,21,28.6,14.3,7,,,contemporary_5y (1442-1446)
sharia_procedure_law:211,sharia_procedure_law,211,corpus_registry.json / tracks / sharia_procedure_law / article 211,,not classified: outside the n>=30 frame,,,21,0.0,0.0,7,,,contemporary_5y (1442-1446)
evidence_law:66,evidence_law,66,corpus_registry.json / tracks / evidence_law / article 66,,not classified: outside the n>=30 frame,,,20,35.0,15.0,56,44.6,,contemporary_5y (1442-1446)
commercial_courts_law:76,commercial_courts_law,76,corpus_registry.json / tracks / commercial_courts_law / article 76,,not classified: outside the n>=30 frame,,,20,10.0,10.0,137,33.6,,contemporary_5y (1442-1446)
law_practice_law:18,law_practice_law,18,corpus_registry.json / tracks / law_practice_law / article 18,,not classified: outside the n>=30 frame,,,20,10.0,10.0,35,17.1,,contemporary_5y (1442-1446)
sharia_procedure_law:107,sharia_procedure_law,107,corpus_registry.json / tracks / sharia_procedure_law / article 107,,not classified: outside the n>=30 frame,,,19,42.1,21.1,0,,,contemporary_5y (1442-1446)
telecommunications_law:10,telecommunications_law,10,corpus_registry.json / tracks / telecommunications_law / article 10,,not classified: outside the n>=30 frame,,,19,10.5,10.5,4,,,contemporary_5y (1442-1446)
companies_law:4,companies_law,4,corpus_registry.json / tracks / companies_law / article 4,,not classified: outside the n>=30 frame,,,19,0.0,0.0,5,,,contemporary_5y (1442-1446)
commercial_courts_law:90,commercial_courts_law,90,corpus_registry.json / tracks / commercial_courts_law / article 90,,not classified: outside the n>=30 frame,,,18,27.8,0.0,136,9.6,,contemporary_5y (1442-1446)
commercial_courts_implementing_regulation:19,commercial_courts_implementing_regulation,19,corpus_registry.json / tracks / commercial_courts_implementing_regulation / article 19,,not classified: outside the n>=30 frame,,,18,33.3,16.7,3,,,contemporary_5y (1442-1446)
bankruptcy_law:97,bankruptcy_law,97,corpus_registry.json / tracks / bankruptcy_law / article 97,,not classified: outside the n>=30 frame,,,18,5.6,5.6,4,,,contemporary_5y (1442-1446)
commercial_courts_law:85,commercial_courts_law,85,corpus_registry.json / tracks / commercial_courts_law / article 85,,not classified: outside the n>=30 frame,,,18,55.6,33.3,15,,,contemporary_5y (1442-1446)
evidence_law:99,evidence_law,99,corpus_registry.json / tracks / evidence_law / article 99,,not classified: outside the n>=30 frame,,,18,27.8,16.7,4,,,contemporary_5y (1442-1446)
sharia_procedure_law:17,sharia_procedure_law,17,corpus_registry.json / tracks / sharia_procedure_law / article 17,,not classified: outside the n>=30 frame,,,17,11.8,5.9,3,,,contemporary_5y (1442-1446)
commercial_courts_implementing_regulation:33,commercial_courts_implementing_regulation,33,corpus_registry.json / tracks / commercial_courts_implementing_regulation / article 33,,not classified: outside the n>=30 frame,,,17,23.5,23.5,2,,,contemporary_5y (1442-1446)
sharia_procedure_implementing_regulation:1,sharia_procedure_implementing_regulation,1,corpus_registry.json / tracks / sharia_procedure_implementing_regulation / article 1,,not classified: outside the n>=30 frame,,,17,29.4,23.5,0,,,contemporary_5y (1442-1446)
commercial_courts_law:93,commercial_courts_law,93,corpus_registry.json / tracks / commercial_courts_law / article 93,,not classified: outside the n>=30 frame,,,17,11.8,5.9,20,40.0,,contemporary_5y (1442-1446)
commercial_courts_implementing_regulation:218,commercial_courts_implementing_regulation,218,corpus_registry.json / tracks / commercial_courts_implementing_regulation / article 218,,not classified: outside the n>=30 frame,,,17,64.7,41.2,0,,,contemporary_5y (1442-1446)
commercial_courts_implementing_regulation:100,commercial_courts_implementing_regulation,100,corpus_registry.json / tracks / commercial_courts_implementing_regulation / article 100,,not classified: outside the n>=30 frame,,,17,35.3,5.9,5,,,contemporary_5y (1442-1446)
evidence_law:88,evidence_law,88,corpus_registry.json / tracks / evidence_law / article 88,,not classified: outside the n>=30 frame,,,17,82.4,82.4,21,81.0,,contemporary_5y (1442-1446)
evidence_law:67,evidence_law,67,corpus_registry.json / tracks / evidence_law / article 67,,not classified: outside the n>=30 frame,,,16,43.8,25.0,9,,,contemporary_5y (1442-1446)
sharia_procedure_law:202,sharia_procedure_law,202,corpus_registry.json / tracks / sharia_procedure_law / article 202,,not classified: outside the n>=30 frame,,,16,18.8,12.5,8,,,contemporary_5y (1442-1446)
companies_law:16,companies_law,16,corpus_registry.json / tracks / companies_law / article 16,,not classified: outside the n>=30 frame,,,16,18.8,0.0,13,,,contemporary_5y (1442-1446)
companies_law:2,companies_law,2,corpus_registry.json / tracks / companies_law / article 2,,not classified: outside the n>=30 frame,,,16,6.2,6.2,15,,,contemporary_5y (1442-1446)
sharia_procedure_law:38,sharia_procedure_law,38,corpus_registry.json / tracks / sharia_procedure_law / article 38,,not classified: outside the n>=30 frame,,,16,25.0,12.5,7,,,contemporary_5y (1442-1446)
bankruptcy_law:4,bankruptcy_law,4,corpus_registry.json / tracks / bankruptcy_law / article 4,,not classified: outside the n>=30 frame,,,16,0.0,0.0,1,,,contemporary_5y (1442-1446)
commercial_courts_implementing_regulation:43,commercial_courts_implementing_regulation,43,corpus_registry.json / tracks / commercial_courts_implementing_regulation / article 43,,not classified: outside the n>=30 frame,,,16,25.0,18.8,0,,,contemporary_5y (1442-1446)
sharia_procedure_implementing_regulation:3,sharia_procedure_implementing_regulation,3,corpus_registry.json / tracks / sharia_procedure_implementing_regulation / article 3,,not classified: outside the n>=30 frame,,,16,56.2,25.0,7,,,contemporary_5y (1442-1446)
sharia_procedure_law:5,sharia_procedure_law,5,corpus_registry.json / tracks / sharia_procedure_law / article 5,,not classified: outside the n>=30 frame,,,16,18.8,18.8,9,,,contemporary_5y (1442-1446)
commercial_courts_law:52,commercial_courts_law,52,corpus_registry.json / tracks / commercial_courts_law / article 52,,not classified: outside the n>=30 frame,,,14,50.0,7.1,6,,,contemporary_5y (1442-1446)
arbitration_implementing_regulation:4,arbitration_implementing_regulation,4,corpus_registry.json / tracks / arbitration_implementing_regulation / article 4,,not classified: outside the n>=30 frame,,,14,0.0,0.0,0,,,contemporary_5y (1442-1446)
companies_law:175,companies_law,175,corpus_registry.json / tracks / companies_law / article 175,,not classified: outside the n>=30 frame,,,14,0.0,0.0,25,28.0,,contemporary_5y (1442-1446)
commercial_courts_law:56,commercial_courts_law,56,corpus_registry.json / tracks / commercial_courts_law / article 56,,not classified: outside the n>=30 frame,,,14,64.3,64.3,6,,,contemporary_5y (1442-1446)
commercial_courts_implementing_regulation:182,commercial_courts_implementing_regulation,182,corpus_registry.json / tracks / commercial_courts_implementing_regulation / article 182,,not classified: outside the n>=30 frame,,,14,7.1,7.1,1,,,contemporary_5y (1442-1446)
companies_law:173,companies_law,173,corpus_registry.json / tracks / companies_law / article 173,,not classified: outside the n>=30 frame,,,13,0.0,0.0,15,,,contemporary_5y (1442-1446)
commercial_courts_implementing_regulation:36,commercial_courts_implementing_regulation,36,corpus_registry.json / tracks / commercial_courts_implementing_regulation / article 36,,not classified: outside the n>=30 frame,,,13,53.8,38.5,34,38.2,,contemporary_5y (1442-1446)
commercial_courts_law:53,commercial_courts_law,53,corpus_registry.json / tracks / commercial_courts_law / article 53,,not classified: outside the n>=30 frame,,,13,100.0,30.8,3,,,contemporary_5y (1442-1446)
commercial_courts_law:11,commercial_courts_law,11,corpus_registry.json / tracks / commercial_courts_law / article 11,,not classified: outside the n>=30 frame,,,13,15.4,7.7,5,,,contemporary_5y (1442-1446)
companies_law:15,companies_law,15,corpus_registry.json / tracks / companies_law / article 15,,not classified: outside the n>=30 frame,,,13,46.2,30.8,10,,,contemporary_5y (1442-1446)
sharia_procedure_law:45,sharia_procedure_law,45,corpus_registry.json / tracks / sharia_procedure_law / article 45,,not classified: outside the n>=30 frame,,,13,7.7,7.7,5,,,contemporary_5y (1442-1446)
sharia_procedure_law:56,sharia_procedure_law,56,corpus_registry.json / tracks / sharia_procedure_law / article 56,,not classified: outside the n>=30 frame,,,13,15.4,0.0,2,,,contemporary_5y (1442-1446)
evidence_law:44,evidence_law,44,corpus_registry.json / tracks / evidence_law / article 44,,not classified: outside the n>=30 frame,,,13,30.8,15.4,18,,,contemporary_5y (1442-1446)
companies_law:167,companies_law,167,corpus_registry.json / tracks / companies_law / article 167,,not classified: outside the n>=30 frame,,,13,0.0,0.0,30,26.7,,contemporary_5y (1442-1446)
sharia_procedure_law:39,sharia_procedure_law,39,corpus_registry.json / tracks / sharia_procedure_law / article 39,,not classified: outside the n>=30 frame,,,12,0.0,0.0,3,,,contemporary_5y (1442-1446)
companies_law:51,companies_law,51,corpus_registry.json / tracks / companies_law / article 51,,not classified: outside the n>=30 frame,,,12,8.3,0.0,12,,,contemporary_5y (1442-1446)
evidence_law:59,evidence_law,59,corpus_registry.json / tracks / evidence_law / article 59,,not classified: outside the n>=30 frame,,,12,41.7,41.7,4,,,contemporary_5y (1442-1446)
commercial_courts_implementing_regulation:213,commercial_courts_implementing_regulation,213,corpus_registry.json / tracks / commercial_courts_implementing_regulation / article 213,,not classified: outside the n>=30 frame,,,12,33.3,25.0,1,,,contemporary_5y (1442-1446)
evidence_law:215,evidence_law,215,corpus_registry.json / tracks / evidence_law / article 215,,not classified: outside the n>=30 frame,,,12,91.7,75.0,0,,,contemporary_5y (1442-1446)
civil_transactions_law:401,civil_transactions_law,401,corpus_registry.json / tracks / civil_transactions_law / article 401,,not classified: outside the n>=30 frame,,,12,58.3,0.0,0,,,contemporary_5y (1442-1446)
civil_transactions_law:564,civil_transactions_law,564,corpus_registry.json / tracks / civil_transactions_law / article 564,,not classified: outside the n>=30 frame,,,12,0.0,0.0,1,,,contemporary_5y (1442-1446)
bankruptcy_law:46,bankruptcy_law,46,corpus_registry.json / tracks / bankruptcy_law / article 46,,not classified: outside the n>=30 frame,,,11,9.1,9.1,12,,,contemporary_5y (1442-1446)
companies_law:151,companies_law,151,corpus_registry.json / tracks / companies_law / article 151,,not classified: outside the n>=30 frame,,,11,9.1,0.0,34,70.6,,contemporary_5y (1442-1446)
commercial_courts_implementing_regulation:6,commercial_courts_implementing_regulation,6,corpus_registry.json / tracks / commercial_courts_implementing_regulation / article 6,,not classified: outside the n>=30 frame,,,11,27.3,18.2,10,,,contemporary_5y (1442-1446)
sharia_procedure_law:21,sharia_procedure_law,21,corpus_registry.json / tracks / sharia_procedure_law / article 21,,not classified: outside the n>=30 frame,,,11,0.0,0.0,2,,,contemporary_5y (1442-1446)
sharia_procedure_implementing_regulation:57,sharia_procedure_implementing_regulation,57,corpus_registry.json / tracks / sharia_procedure_implementing_regulation / article 57,,not classified: outside the n>=30 frame,,,11,54.5,45.5,16,,,contemporary_5y (1442-1446)
bankruptcy_law:1,bankruptcy_law,1,corpus_registry.json / tracks / bankruptcy_law / article 1,,not classified: outside the n>=30 frame,,,11,0.0,0.0,3,,,contemporary_5y (1442-1446)
evidence_law:85,evidence_law,85,corpus_registry.json / tracks / evidence_law / article 85,,not classified: outside the n>=30 frame,,,11,36.4,36.4,3,,,contemporary_5y (1442-1446)
commercial_courts_implementing_regulation:226,commercial_courts_implementing_regulation,226,corpus_registry.json / tracks / commercial_courts_implementing_regulation / article 226,,not classified: outside the n>=30 frame,,,11,18.2,9.1,1,,,contemporary_5y (1442-1446)
sharia_procedure_law:80,sharia_procedure_law,80,corpus_registry.json / tracks / sharia_procedure_law / article 80,,not classified: outside the n>=30 frame,,,11,36.4,18.2,48,33.3,,contemporary_5y (1442-1446)
evidence_law:23,evidence_law,23,corpus_registry.json / tracks / evidence_law / article 23,,not classified: outside the n>=30 frame,,,11,81.8,81.8,2,,,contemporary_5y (1442-1446)
evidence_law:204,evidence_law,204,corpus_registry.json / tracks / evidence_law / article 204,,not classified: outside the n>=30 frame,,,11,90.9,81.8,0,,,contemporary_5y (1442-1446)
companies_law:9,companies_law,9,corpus_registry.json / tracks / companies_law / article 9,,not classified: outside the n>=30 frame,,,11,9.1,9.1,11,,,contemporary_5y (1442-1446)
commercial_courts_implementing_regulation:44,commercial_courts_implementing_regulation,44,corpus_registry.json / tracks / commercial_courts_implementing_regulation / article 44,,not classified: outside the n>=30 frame,,,11,0.0,0.0,1,,,contemporary_5y (1442-1446)
companies_law:220,companies_law,220,corpus_registry.json / tracks / companies_law / article 220,,not classified: outside the n>=30 frame,,,11,18.2,9.1,15,,,contemporary_5y (1442-1446)
commercial_courts_implementing_regulation:99,commercial_courts_implementing_regulation,99,corpus_registry.json / tracks / commercial_courts_implementing_regulation / article 99,,not classified: outside the n>=30 frame,,,10,20.0,20.0,3,,,contemporary_5y (1442-1446)
evidence_law:9,evidence_law,9,corpus_registry.json / tracks / evidence_law / article 9,,not classified: outside the n>=30 frame,,,10,40.0,10.0,8,,,contemporary_5y (1442-1446)
sharia_procedure_law:88,sharia_procedure_law,88,corpus_registry.json / tracks / sharia_procedure_law / article 88,,not classified: outside the n>=30 frame,,,10,0.0,0.0,6,,,contemporary_5y (1442-1446)
companies_law:161,companies_law,161,corpus_registry.json / tracks / companies_law / article 161,,not classified: outside the n>=30 frame,,,10,30.0,10.0,14,,,contemporary_5y (1442-1446)
commercial_courts_law:72,commercial_courts_law,72,corpus_registry.json / tracks / commercial_courts_law / article 72,,not classified: outside the n>=30 frame,,,10,0.0,0.0,8,,,contemporary_5y (1442-1446)
companies_law:165,companies_law,165,corpus_registry.json / tracks / companies_law / article 165,,not classified: outside the n>=30 frame,,,10,10.0,10.0,49,36.7,,contemporary_5y (1442-1446)
sharia_procedure_law:201,sharia_procedure_law,201,corpus_registry.json / tracks / sharia_procedure_law / article 201,,not classified: outside the n>=30 frame,,,10,40.0,40.0,16,,,contemporary_5y (1442-1446)
commercial_courts_law:6,commercial_courts_law,6,corpus_registry.json / tracks / commercial_courts_law / article 6,,not classified: outside the n>=30 frame,,,10,30.0,10.0,7,,,contemporary_5y (1442-1446)
companies_law:1,companies_law,1,corpus_registry.json / tracks / companies_law / article 1,,not classified: outside the n>=30 frame,,,10,0.0,0.0,5,,,contemporary_5y (1442-1446)
evidence_law:15,evidence_law,15,corpus_registry.json / tracks / evidence_law / article 15,,not classified: outside the n>=30 frame,,,10,0.0,0.0,2,,,contemporary_5y (1442-1446)
trademark_law:3,trademark_law,3,corpus_registry.json / tracks / trademark_law / article 3,,not classified: outside the n>=30 frame,,,10,0.0,0.0,24,41.7,,contemporary_5y (1442-1446)
evidence_law:54,evidence_law,54,corpus_registry.json / tracks / evidence_law / article 54,,not classified: outside the n>=30 frame,,,10,20.0,20.0,16,,,contemporary_5y (1442-1446)
civil_transactions_law:91,civil_transactions_law,91,corpus_registry.json / tracks / civil_transactions_law / article 91,,not classified: outside the n>=30 frame,,,10,80.0,0.0,2,,,contemporary_5y (1442-1446)
