article_key,amendment_reference,amendment_decree_number,amendment_decree_date_hijri,amendment_scope_short,amendment_note_source_status,requires_manual_merge_flag,merge_decision_status,merge_notes
labor_law_art_002,BOE_AMENDMENT_NOTE,م/134,,amended_article_flag,BOE_NOTE_PRESENT,yes,NOT_STARTED,
labor_law_art_002,BOE_AMENDMENT_NOTE,م/44,,amended_article_flag,BOE_NOTE_PRESENT,yes,NOT_STARTED,
labor_law_art_003,BOE_AMENDMENT_NOTE,م/134,27 / 11 / 1440,amendment_note_present,BOE_NOTE_PRESENT,yes,NOT_STARTED,
labor_law_art_005,BOE_AMENDMENT_NOTE,,5 / 6 / 1436,amended_article_flag,BOE_CHANGED_CLASS,yes,NOT_STARTED,
labor_law_art_007,BOE_AMENDMENT_NOTE,,5 / 6 / 1436,amended_article_flag,BOE_CHANGED_CLASS,yes,NOT_STARTED,
labor_law_art_007,BOE_AMENDMENT_NOTE,م/44,,amended_article_flag,BOE_NOTE_PRESENT,yes,NOT_STARTED,
labor_law_art_011,BOE_AMENDMENT_NOTE,,5 / 6 / 1436,amended_article_flag,BOE_CHANGED_CLASS,yes,NOT_STARTED,
labor_law_art_011,BOE_AMENDMENT_NOTE,,5 / 6 / 1436,mukarrar_added_by_amendment,BOE_CHANGED_CLASS,yes,NOT_STARTED,
labor_law_art_012,BOE_AMENDMENT_NOTE,,5 / 6 / 1436,amended_article_flag,BOE_CHANGED_CLASS,yes,NOT_STARTED,
labor_law_art_013,BOE_AMENDMENT_NOTE,,5 / 6 / 1436,amended_article_flag,BOE_CHANGED_CLASS,yes,NOT_STARTED,
labor_law_art_014,BOE_AMENDMENT_NOTE,,5 / 6 / 1436,amended_article_flag,BOE_CHANGED_CLASS,yes,NOT_STARTED,
labor_law_art_022,BOE_AMENDMENT_NOTE,م/44,,amended_article_flag,BOE_NOTE_PRESENT,yes,NOT_STARTED,
labor_law_art_023,BOE_AMENDMENT_NOTE,م/44,,amended_article_flag,BOE_NOTE_PRESENT,yes,NOT_STARTED,
labor_law_art_024,BOE_AMENDMENT_NOTE,م/44,,amended_article_flag,BOE_NOTE_PRESENT,yes,NOT_STARTED,
labor_law_art_025,BOE_AMENDMENT_NOTE,م/44,,amended_article_flag,BOE_NOTE_PRESENT,yes,NOT_STARTED,
labor_law_art_027,BOE_AMENDMENT_NOTE,م/44,,amended_article_flag,BOE_NOTE_PRESENT,yes,NOT_STARTED,
labor_law_art_028,BOE_AMENDMENT_NOTE,م/44,,amended_article_flag,BOE_NOTE_PRESENT,yes,NOT_STARTED,
labor_law_art_030,BOE_AMENDMENT_NOTE,م/44,,amended_article_flag,BOE_NOTE_PRESENT,yes,NOT_STARTED,
labor_law_art_031,BOE_AMENDMENT_NOTE,م/44,,amended_article_flag,BOE_NOTE_PRESENT,yes,NOT_STARTED,
labor_law_art_035,BOE_AMENDMENT_NOTE,,5 / 6 / 1436,amended_article_flag,BOE_CHANGED_CLASS,yes,NOT_STARTED,
labor_law_art_035,BOE_AMENDMENT_NOTE,م/44,,article_renumbered_by_amendment,BOE_NOTE_PRESENT,yes,NOT_STARTED,
labor_law_art_037,BOE_AMENDMENT_NOTE,م/44,,amended_article_flag,BOE_NOTE_PRESENT,yes,NOT_STARTED,
labor_law_art_039,BOE_AMENDMENT_NOTE,,12 / 5 / 1434,amended_article_flag,BOE_CHANGED_CLASS,yes,NOT_STARTED,
labor_law_art_039,BOE_AMENDMENT_NOTE,م/44,,amended_article_flag,BOE_NOTE_PRESENT,yes,NOT_STARTED,
labor_law_art_040,BOE_AMENDMENT_NOTE,م/44,,amended_article_flag,BOE_NOTE_PRESENT,yes,NOT_STARTED,
labor_law_art_042,BOE_AMENDMENT_NOTE,م/44,,amended_article_flag,BOE_NOTE_PRESENT,yes,NOT_STARTED,
labor_law_art_043,BOE_AMENDMENT_NOTE,,5 / 6 / 1436,amended_article_flag,BOE_CHANGED_CLASS,yes,NOT_STARTED,
labor_law_art_043,BOE_AMENDMENT_NOTE,م/44,,amended_article_flag,BOE_NOTE_PRESENT,yes,NOT_STARTED,
labor_law_art_044,BOE_AMENDMENT_NOTE,م/44,,amended_article_flag,BOE_NOTE_PRESENT,yes,NOT_STARTED,
labor_law_art_046,BOE_AMENDMENT_NOTE,م/44,,amended_article_flag,BOE_NOTE_PRESENT,yes,NOT_STARTED,
labor_law_art_047,BOE_AMENDMENT_NOTE,م/44,,amended_article_flag,BOE_NOTE_PRESENT,yes,NOT_STARTED,
labor_law_art_048,BOE_AMENDMENT_NOTE,,5 / 6 / 1436,amended_article_flag,BOE_CHANGED_CLASS,yes,NOT_STARTED,
labor_law_art_048,BOE_AMENDMENT_NOTE,م/44,,amended_article_flag,BOE_NOTE_PRESENT,yes,NOT_STARTED,
labor_law_art_051,BOE_AMENDMENT_NOTE,م/44,,amended_article_flag,BOE_NOTE_PRESENT,yes,NOT_STARTED,
labor_law_art_052,BOE_AMENDMENT_NOTE,,5 / 6 / 1436,amended_article_flag,BOE_CHANGED_CLASS,yes,NOT_STARTED,
labor_law_art_052,BOE_AMENDMENT_NOTE,م/44,,amended_article_flag,BOE_NOTE_PRESENT,yes,NOT_STARTED,
labor_law_art_053,BOE_AMENDMENT_NOTE,,5 / 6 / 1436,amended_article_flag,BOE_CHANGED_CLASS,yes,NOT_STARTED,
labor_law_art_053,BOE_AMENDMENT_NOTE,م/44,,amended_article_flag,BOE_NOTE_PRESENT,yes,NOT_STARTED,
labor_law_art_054,BOE_AMENDMENT_NOTE,,5 / 6 / 1436,amended_article_flag,BOE_CHANGED_CLASS,yes,NOT_STARTED,
labor_law_art_055,BOE_AMENDMENT_NOTE,,5 / 6 / 1436,amended_article_flag,BOE_CHANGED_CLASS,yes,NOT_STARTED,
labor_law_art_058,BOE_AMENDMENT_NOTE,,5 / 6 / 1436,article_renumbered_by_amendment,BOE_CHANGED_CLASS,yes,NOT_STARTED,
labor_law_art_061,BOE_AMENDMENT_NOTE,م/44,,amended_article_flag,BOE_NOTE_PRESENT,yes,NOT_STARTED,
labor_law_art_064,BOE_AMENDMENT_NOTE,,5 / 6 / 1436,amended_article_flag,BOE_CHANGED_CLASS,yes,NOT_STARTED,
labor_law_art_072,BOE_AMENDMENT_NOTE,م/44,,amended_article_flag,BOE_NOTE_PRESENT,yes,NOT_STARTED,
labor_law_art_073,BOE_AMENDMENT_NOTE,,5 / 6 / 1436,amended_article_flag,BOE_CHANGED_CLASS,yes,NOT_STARTED,
labor_law_art_074,BOE_AMENDMENT_NOTE,,5 / 6 / 1436,amended_article_flag,BOE_CHANGED_CLASS,yes,NOT_STARTED,
labor_law_art_074,BOE_AMENDMENT_NOTE,م/46,5 / 6 / 1436,amended_article_flag,BOE_NOTE_PRESENT,yes,NOT_STARTED,
labor_law_art_074,BOE_AMENDMENT_NOTE,م/44,,amended_article_flag,BOE_NOTE_PRESENT,yes,NOT_STARTED,
labor_law_art_075,BOE_AMENDMENT_NOTE,,5 / 6 / 1436,amended_article_flag,BOE_CHANGED_CLASS,yes,NOT_STARTED,
labor_law_art_075,BOE_AMENDMENT_NOTE,م/44,,amended_article_flag,BOE_NOTE_PRESENT,yes,NOT_STARTED,
labor_law_art_076,BOE_AMENDMENT_NOTE,,5 / 6 / 1436,amended_article_flag,BOE_CHANGED_CLASS,yes,NOT_STARTED,
labor_law_art_077,BOE_AMENDMENT_NOTE,,5 / 6 / 1436,amended_article_flag,BOE_CHANGED_CLASS,yes,NOT_STARTED,
labor_law_art_078,BOE_AMENDMENT_NOTE,,5 / 6 / 1436,article_abolished_by_amendment,BOE_CHANGED_CLASS,yes,NOT_STARTED,
labor_law_art_080,BOE_AMENDMENT_NOTE,,5 / 6 / 1436,amended_article_flag,BOE_CHANGED_CLASS,yes,NOT_STARTED,
labor_law_art_083,BOE_AMENDMENT_NOTE,,5 / 6 / 1436,amended_article_flag,BOE_CHANGED_CLASS,yes,NOT_STARTED,
labor_law_art_090,BOE_AMENDMENT_NOTE,,5 / 6 / 1436,amended_article_flag,BOE_CHANGED_CLASS,yes,NOT_STARTED,
labor_law_art_101,BOE_AMENDMENT_NOTE,,5 / 6 / 1436,amended_article_flag,BOE_CHANGED_CLASS,yes,NOT_STARTED,
labor_law_art_107,BOE_AMENDMENT_NOTE,م/44,,amended_article_flag,BOE_NOTE_PRESENT,yes,NOT_STARTED,
labor_law_art_113,BOE_AMENDMENT_NOTE,,5 / 6 / 1436,amended_article_flag,BOE_CHANGED_CLASS,yes,NOT_STARTED,
labor_law_art_113,BOE_AMENDMENT_NOTE,م/44,,amended_article_flag,BOE_NOTE_PRESENT,yes,NOT_STARTED,
labor_law_art_115,BOE_AMENDMENT_NOTE,,5 / 6 / 1436,amended_article_flag,BOE_CHANGED_CLASS,yes,NOT_STARTED,
labor_law_art_131,BOE_AMENDMENT_NOTE,م/5,7 / 1 / 1442,mukarrar_added_by_amendment,BOE_NOTE_PRESENT,yes,NOT_STARTED,
labor_law_art_137,BOE_AMENDMENT_NOTE,,5 / 6 / 1436,amended_article_flag,BOE_CHANGED_CLASS,yes,NOT_STARTED,
labor_law_art_149,BOE_AMENDMENT_NOTE,,5 / 6 / 1436,amended_article_flag,BOE_CHANGED_CLASS,yes,NOT_STARTED,
labor_law_art_149,BOE_AMENDMENT_NOTE,م/5,7 / 1 / 1442,article_deleted_by_amendment,BOE_NOTE_PRESENT,yes,NOT_STARTED,
labor_law_art_150,BOE_AMENDMENT_NOTE,م/5,7 / 1 / 1442,article_deleted_by_amendment,BOE_NOTE_PRESENT,yes,NOT_STARTED,
labor_law_art_151,BOE_AMENDMENT_NOTE,,5 / 6 / 1436,amended_article_flag,BOE_CHANGED_CLASS,yes,NOT_STARTED,
labor_law_art_151,BOE_AMENDMENT_NOTE,م/44,,amended_article_flag,BOE_NOTE_PRESENT,yes,NOT_STARTED,
labor_law_art_152,BOE_AMENDMENT_NOTE,,5 / 6 / 1436,amended_article_flag,BOE_CHANGED_CLASS,yes,NOT_STARTED,
labor_law_art_155,BOE_AMENDMENT_NOTE,م/134,27 / 11 / 1440,amendment_note_present,BOE_NOTE_PRESENT,yes,NOT_STARTED,
labor_law_art_156,BOE_AMENDMENT_NOTE,م/134,27 / 11 / 1440,article_abolished_by_amendment,BOE_NOTE_PRESENT,yes,NOT_STARTED,
labor_law_art_160,BOE_AMENDMENT_NOTE,,5 / 6 / 1436,amended_article_flag,BOE_CHANGED_CLASS,yes,NOT_STARTED,
labor_law_art_168,BOE_AMENDMENT_NOTE,م/44,,amended_article_flag,BOE_NOTE_PRESENT,yes,NOT_STARTED,
labor_law_art_178,BOE_AMENDMENT_NOTE,م/44,,article_renumbered_by_amendment,BOE_NOTE_PRESENT,yes,NOT_STARTED,
labor_law_art_182,BOE_AMENDMENT_NOTE,م/44,,amended_article_flag,BOE_NOTE_PRESENT,yes,NOT_STARTED,
labor_law_art_186,BOE_AMENDMENT_NOTE,م/5,7 / 1 / 1442,amendment_note_present,BOE_NOTE_PRESENT,yes,NOT_STARTED,
labor_law_art_194,BOE_AMENDMENT_NOTE,,5 / 6 / 1436,amended_article_flag,BOE_CHANGED_CLASS,yes,NOT_STARTED,
labor_law_art_195,BOE_AMENDMENT_NOTE,م/44,,article_abolished_by_amendment,BOE_NOTE_PRESENT,yes,NOT_STARTED,
labor_law_art_196,BOE_AMENDMENT_NOTE,,5 / 6 / 1436,amended_article_flag,BOE_CHANGED_CLASS,yes,NOT_STARTED,
labor_law_art_196,BOE_AMENDMENT_NOTE,م/44,,amended_article_flag,BOE_NOTE_PRESENT,yes,NOT_STARTED,
labor_law_art_197,BOE_AMENDMENT_NOTE,,5 / 6 / 1436,amended_article_flag,BOE_CHANGED_CLASS,yes,NOT_STARTED,
labor_law_art_197,BOE_AMENDMENT_NOTE,م/44,,article_abolished_by_amendment,BOE_NOTE_PRESENT,yes,NOT_STARTED,
labor_law_art_198,BOE_AMENDMENT_NOTE,م/44,,amended_article_flag,BOE_NOTE_PRESENT,yes,NOT_STARTED,
labor_law_art_199,BOE_AMENDMENT_NOTE,م/44,,amended_article_flag,BOE_NOTE_PRESENT,yes,NOT_STARTED,
labor_law_art_203,BOE_AMENDMENT_NOTE,,5 / 6 / 1436,amended_article_flag,BOE_CHANGED_CLASS,yes,NOT_STARTED,
labor_law_art_203,BOE_AMENDMENT_NOTE,م/44,,article_abolished_by_amendment,BOE_NOTE_PRESENT,yes,NOT_STARTED,
labor_law_art_205,BOE_AMENDMENT_NOTE,م/44,,article_abolished_by_amendment,BOE_NOTE_PRESENT,yes,NOT_STARTED,
labor_law_art_206,BOE_AMENDMENT_NOTE,م/44,,article_abolished_by_amendment,BOE_NOTE_PRESENT,yes,NOT_STARTED,
labor_law_art_207,BOE_AMENDMENT_NOTE,م/44,,article_abolished_by_amendment,BOE_NOTE_PRESENT,yes,NOT_STARTED,
labor_law_art_208,BOE_AMENDMENT_NOTE,م/44,,article_abolished_by_amendment,BOE_NOTE_PRESENT,yes,NOT_STARTED,
labor_law_art_209,BOE_AMENDMENT_NOTE,م/44,,amended_article_flag,BOE_NOTE_PRESENT,yes,NOT_STARTED,
labor_law_art_210,BOE_AMENDMENT_NOTE,,22 / 1 / 1435,article_abolished_by_amendment,BOE_CHANGED_CLASS,yes,NOT_STARTED,
labor_law_art_211,BOE_AMENDMENT_NOTE,,22 / 1 / 1435,article_abolished_by_amendment,BOE_CHANGED_CLASS,yes,NOT_STARTED,
labor_law_art_212,BOE_AMENDMENT_NOTE,,22 / 1 / 1435,article_abolished_by_amendment,BOE_CHANGED_CLASS,yes,NOT_STARTED,
labor_law_art_213,BOE_AMENDMENT_NOTE,,22 / 1 / 1435,article_abolished_by_amendment,BOE_CHANGED_CLASS,yes,NOT_STARTED,
labor_law_art_214,BOE_AMENDMENT_NOTE,,22 / 1 / 1435,article_abolished_by_amendment,BOE_CHANGED_CLASS,yes,NOT_STARTED,
labor_law_art_215,BOE_AMENDMENT_NOTE,,22 / 1 / 1435,article_abolished_by_amendment,BOE_CHANGED_CLASS,yes,NOT_STARTED,
labor_law_art_216,BOE_AMENDMENT_NOTE,,22 / 1 / 1435,article_abolished_by_amendment,BOE_CHANGED_CLASS,yes,NOT_STARTED,
labor_law_art_217,BOE_AMENDMENT_NOTE,,22 / 1 / 1435,article_abolished_by_amendment,BOE_CHANGED_CLASS,yes,NOT_STARTED,
labor_law_art_218,BOE_AMENDMENT_NOTE,,22 / 1 / 1435,article_abolished_by_amendment,BOE_CHANGED_CLASS,yes,NOT_STARTED,
labor_law_art_219,BOE_AMENDMENT_NOTE,,22 / 1 / 1435,article_abolished_by_amendment,BOE_CHANGED_CLASS,yes,NOT_STARTED,
labor_law_art_220,BOE_AMENDMENT_NOTE,,22 / 1 / 1435,article_abolished_by_amendment,BOE_CHANGED_CLASS,yes,NOT_STARTED,
labor_law_art_221,BOE_AMENDMENT_NOTE,,22 / 1 / 1435,article_abolished_by_amendment,BOE_CHANGED_CLASS,yes,NOT_STARTED,
labor_law_art_222,BOE_AMENDMENT_NOTE,,22 / 1 / 1435,article_abolished_by_amendment,BOE_CHANGED_CLASS,yes,NOT_STARTED,
labor_law_art_223,BOE_AMENDMENT_NOTE,,22 / 1 / 1435,article_abolished_by_amendment,BOE_CHANGED_CLASS,yes,NOT_STARTED,
labor_law_art_224,BOE_AMENDMENT_NOTE,,22 / 1 / 1435,article_abolished_by_amendment,BOE_CHANGED_CLASS,yes,NOT_STARTED,
labor_law_art_225,BOE_AMENDMENT_NOTE,,22 / 1 / 1435,article_abolished_by_amendment,BOE_CHANGED_CLASS,yes,NOT_STARTED,
labor_law_art_226,BOE_AMENDMENT_NOTE,,22 / 1 / 1435,article_abolished_by_amendment,BOE_CHANGED_CLASS,yes,NOT_STARTED,
labor_law_art_227,BOE_AMENDMENT_NOTE,,22 / 1 / 1435,article_abolished_by_amendment,BOE_CHANGED_CLASS,yes,NOT_STARTED,
labor_law_art_228,BOE_AMENDMENT_NOTE,,22 / 1 / 1435,article_abolished_by_amendment,BOE_CHANGED_CLASS,yes,NOT_STARTED,
labor_law_art_229,BOE_AMENDMENT_NOTE,,5 / 6 / 1436,amended_article_flag,BOE_CHANGED_CLASS,yes,NOT_STARTED,
labor_law_art_230,BOE_AMENDMENT_NOTE,,5 / 6 / 1436,amended_article_flag,BOE_CHANGED_CLASS,yes,NOT_STARTED,
labor_law_art_230,BOE_AMENDMENT_NOTE,م/44,,amended_article_flag,BOE_NOTE_PRESENT,yes,NOT_STARTED,
labor_law_art_231,BOE_AMENDMENT_NOTE,,5 / 6 / 1436,amended_article_flag,BOE_CHANGED_CLASS,yes,NOT_STARTED,
labor_law_art_232,BOE_AMENDMENT_NOTE,,5 / 6 / 1436,amended_article_flag,BOE_CHANGED_CLASS,yes,NOT_STARTED,
labor_law_art_233,BOE_AMENDMENT_NOTE,,12 / 5 / 1434,amendment_note_present,BOE_CHANGED_CLASS,yes,NOT_STARTED,
labor_law_art_233,BOE_AMENDMENT_NOTE,,5 / 6 / 1436,amended_article_flag,BOE_CHANGED_CLASS,yes,NOT_STARTED,
labor_law_art_234,BOE_AMENDMENT_NOTE,,5 / 6 / 1436,amended_article_flag,BOE_CHANGED_CLASS,yes,NOT_STARTED,
labor_law_art_235,BOE_AMENDMENT_NOTE,,5 / 6 / 1436,amended_article_flag,BOE_CHANGED_CLASS,yes,NOT_STARTED,
labor_law_art_236,BOE_AMENDMENT_NOTE,,5 / 6 / 1436,amended_article_flag,BOE_CHANGED_CLASS,yes,NOT_STARTED,
labor_law_art_237,BOE_AMENDMENT_NOTE,,5 / 6 / 1436,amended_article_flag,BOE_CHANGED_CLASS,yes,NOT_STARTED,
labor_law_art_238,BOE_AMENDMENT_NOTE,,5 / 6 / 1436,amended_article_flag,BOE_CHANGED_CLASS,yes,NOT_STARTED,
labor_law_art_239,BOE_AMENDMENT_NOTE,,5 / 6 / 1436,amended_article_flag,BOE_CHANGED_CLASS,yes,NOT_STARTED,
labor_law_art_231_renumbered,BOE_AMENDMENT_NOTE,,5 / 6 / 1436,article_renumbered_by_amendment,BOE_CHANGED_CLASS,yes,NOT_STARTED,
labor_law_art_241,BOE_AMENDMENT_NOTE,,5 / 6 / 1436,amended_article_flag,BOE_CHANGED_CLASS,yes,NOT_STARTED,
labor_law_art_232_renumbered,BOE_AMENDMENT_NOTE,,5 / 6 / 1436,article_renumbered_by_amendment,BOE_CHANGED_CLASS,yes,NOT_STARTED,
labor_law_art_232_renumbered,BOE_AMENDMENT_NOTE,,5 / 6 / 1436,article_added_by_amendment,BOE_CHANGED_CLASS,yes,NOT_STARTED,
