article_key,official_source_url,official_source_access_date,source_location_status,official_article_present_flag,official_text_capture_status,source_notes,arabic_source_verified_by_owner_flag,reviewer_notes
labor_law_art_001,https://laws.boe.gov.sa/boelaws/laws/lawdetails/08381293-6388-48e2-8ad2-a9a700f2aa94/1,2026-07-07,ARTICLE_TEXT_CAPTURED_FROM_BOE,yes,OFFICIAL_TEXT_CAPTURED_BATCH,BOE DOM article text extracted for batch 001,pending_owner_review,Batch 001 text captured
labor_law_art_002,https://laws.boe.gov.sa/boelaws/laws/lawdetails/08381293-6388-48e2-8ad2-a9a700f2aa94/1,2026-07-07,NEEDS_MANUAL_ARTICLE_LOCATION,yes,NEEDS_MANUAL_CAPTURE,Article 2 requires clean official BOE recapture because prior batch capture carried known label shift (BOE displays صاحب العمل where العامل should be per M/134 amendment),pending_owner_review,Batch 001 fix: BOE label-shift confirmed; text deferred to NEEDS_MANUAL_CAPTURE; needs owner review
labor_law_art_003,https://laws.boe.gov.sa/boelaws/laws/lawdetails/08381293-6388-48e2-8ad2-a9a700f2aa94/1,2026-07-07,SOURCE_PAGE_IDENTIFIED,yes,NEEDS_MANUAL_CAPTURE,Amendment available through BOE show-amendment popup; main DOM may be base text; current consolidated text was not safely captured,pending_owner_review,Batch 001 fix: amended article popup reconciliation needed
labor_law_art_004,https://laws.boe.gov.sa/boelaws/laws/lawdetails/08381293-6388-48e2-8ad2-a9a700f2aa94/1,2026-07-07,ARTICLE_TEXT_CAPTURED_FROM_BOE,yes,OFFICIAL_TEXT_CAPTURED_BATCH,BOE DOM article text extracted for batch 001,pending_owner_review,Batch 001 text captured
labor_law_art_005,https://laws.boe.gov.sa/boelaws/laws/lawdetails/08381293-6388-48e2-8ad2-a9a700f2aa94/1,2026-07-07,SOURCE_PAGE_IDENTIFIED,yes,NEEDS_MANUAL_CAPTURE,Amendment available through BOE show-amendment popup; main DOM may be base text; current consolidated text was not safely captured,pending_owner_review,Batch 001 fix: amended article popup reconciliation needed
labor_law_art_006,https://laws.boe.gov.sa/boelaws/laws/lawdetails/08381293-6388-48e2-8ad2-a9a700f2aa94/1,2026-07-07,ARTICLE_TEXT_CAPTURED_FROM_BOE,yes,OFFICIAL_TEXT_CAPTURED_BATCH,BOE DOM article text extracted for batch 001,pending_owner_review,Batch 001 text captured
labor_law_art_007,https://laws.boe.gov.sa/boelaws/laws/lawdetails/08381293-6388-48e2-8ad2-a9a700f2aa94/1,2026-07-07,SOURCE_PAGE_IDENTIFIED,yes,NEEDS_MANUAL_CAPTURE,Amendment available through BOE show-amendment popup; main DOM may be base text; current consolidated text was not safely captured,pending_owner_review,Batch 001 fix: amended article popup reconciliation needed
labor_law_art_008,https://laws.boe.gov.sa/boelaws/laws/lawdetails/08381293-6388-48e2-8ad2-a9a700f2aa94/1,2026-07-07,ARTICLE_TEXT_CAPTURED_FROM_BOE,yes,OFFICIAL_TEXT_CAPTURED_BATCH,BOE DOM article text extracted for batch 001,pending_owner_review,Batch 001 text captured
labor_law_art_009,https://laws.boe.gov.sa/boelaws/laws/lawdetails/08381293-6388-48e2-8ad2-a9a700f2aa94/1,2026-07-07,ARTICLE_TEXT_CAPTURED_FROM_BOE,yes,OFFICIAL_TEXT_CAPTURED_BATCH,BOE DOM article text extracted for batch 001,pending_owner_review,Batch 001 text captured
labor_law_art_010,https://laws.boe.gov.sa/boelaws/laws/lawdetails/08381293-6388-48e2-8ad2-a9a700f2aa94/1,2026-07-07,ARTICLE_TEXT_CAPTURED_FROM_BOE,yes,OFFICIAL_TEXT_CAPTURED_BATCH,BOE DOM article text extracted for batch 001,pending_owner_review,Batch 001 text captured
labor_law_art_011,https://laws.boe.gov.sa/boelaws/laws/lawdetails/08381293-6388-48e2-8ad2-a9a700f2aa94/1,2026-07-07,SOURCE_PAGE_IDENTIFIED,yes,NEEDS_MANUAL_CAPTURE,Amendment available through BOE show-amendment popup; main DOM may be base text; current consolidated text was not safely captured,pending_owner_review,Batch 001 fix: amended article popup reconciliation needed
labor_law_art_012,https://laws.boe.gov.sa/boelaws/laws/lawdetails/08381293-6388-48e2-8ad2-a9a700f2aa94/1,2026-07-07,SOURCE_PAGE_IDENTIFIED,yes,NEEDS_MANUAL_CAPTURE,Amendment available through BOE show-amendment popup; main DOM may be base text; current consolidated text was not safely captured,pending_owner_review,Batch 001 fix: amended article popup reconciliation needed
labor_law_art_013,https://laws.boe.gov.sa/boelaws/laws/lawdetails/08381293-6388-48e2-8ad2-a9a700f2aa94/1,2026-07-07,SOURCE_PAGE_IDENTIFIED,yes,NEEDS_MANUAL_CAPTURE,Amendment available through BOE show-amendment popup; main DOM may be base text; current consolidated text was not safely captured,pending_owner_review,Batch 001 fix: amended article popup reconciliation needed
labor_law_art_014,https://laws.boe.gov.sa/boelaws/laws/lawdetails/08381293-6388-48e2-8ad2-a9a700f2aa94/1,2026-07-07,SOURCE_PAGE_IDENTIFIED,yes,NEEDS_MANUAL_CAPTURE,Amendment available through BOE show-amendment popup; main DOM may be base text; current consolidated text was not safely captured,pending_owner_review,Batch 001 fix: amended article popup reconciliation needed
labor_law_art_015,https://laws.boe.gov.sa/boelaws/laws/lawdetails/08381293-6388-48e2-8ad2-a9a700f2aa94/1,2026-07-07,ARTICLE_TEXT_CAPTURED_FROM_BOE,yes,OFFICIAL_TEXT_CAPTURED_BATCH,BOE DOM article text extracted for batch 001,pending_owner_review,Batch 001 text captured
labor_law_art_016,https://laws.boe.gov.sa/boelaws/laws/lawdetails/08381293-6388-48e2-8ad2-a9a700f2aa94/1,2026-07-07,ARTICLE_TEXT_CAPTURED_FROM_BOE,yes,OFFICIAL_TEXT_CAPTURED_BATCH,BOE DOM article text extracted for batch 001,pending_owner_review,Batch 001 text captured
labor_law_art_017,https://laws.boe.gov.sa/boelaws/laws/lawdetails/08381293-6388-48e2-8ad2-a9a700f2aa94/1,2026-07-07,ARTICLE_TEXT_CAPTURED_FROM_BOE,yes,OFFICIAL_TEXT_CAPTURED_BATCH,BOE DOM article text extracted for batch 001,pending_owner_review,Batch 001 text captured
labor_law_art_018,https://laws.boe.gov.sa/boelaws/laws/lawdetails/08381293-6388-48e2-8ad2-a9a700f2aa94/1,2026-07-07,ARTICLE_TEXT_CAPTURED_FROM_BOE,yes,OFFICIAL_TEXT_CAPTURED_BATCH,BOE DOM article text extracted for batch 001,pending_owner_review,Batch 001 text captured
labor_law_art_019,https://laws.boe.gov.sa/boelaws/laws/lawdetails/08381293-6388-48e2-8ad2-a9a700f2aa94/1,2026-07-07,ARTICLE_TEXT_CAPTURED_FROM_BOE,yes,OFFICIAL_TEXT_CAPTURED_BATCH,BOE DOM article text extracted for batch 001,pending_owner_review,Batch 001 text captured
labor_law_art_020,https://laws.boe.gov.sa/boelaws/laws/lawdetails/08381293-6388-48e2-8ad2-a9a700f2aa94/1,2026-07-07,ARTICLE_TEXT_CAPTURED_FROM_BOE,yes,OFFICIAL_TEXT_CAPTURED_BATCH,BOE DOM article text extracted for batch 001,pending_owner_review,Batch 001 text captured
labor_law_art_021,https://laws.boe.gov.sa/boelaws/laws/lawdetails/08381293-6388-48e2-8ad2-a9a700f2aa94/1,2026-07-07,ARTICLE_TEXT_CAPTURED_FROM_BOE,yes,OFFICIAL_TEXT_CAPTURED_BATCH,BOE DOM article text extracted for batch 001,pending_owner_review,Batch 001 text captured
labor_law_art_022,https://laws.boe.gov.sa/boelaws/laws/lawdetails/08381293-6388-48e2-8ad2-a9a700f2aa94/1,2026-07-07,SOURCE_PAGE_IDENTIFIED,yes,NEEDS_MANUAL_CAPTURE,Amendment available through BOE show-amendment popup; main DOM may be base text; current consolidated text was not safely captured,pending_owner_review,Batch 001 fix: amended article popup reconciliation needed
labor_law_art_023,https://laws.boe.gov.sa/boelaws/laws/lawdetails/08381293-6388-48e2-8ad2-a9a700f2aa94/1,2026-07-07,SOURCE_PAGE_IDENTIFIED,yes,NEEDS_MANUAL_CAPTURE,Amendment available through BOE show-amendment popup; main DOM may be base text; current consolidated text was not safely captured,pending_owner_review,Batch 001 fix: amended article popup reconciliation needed
labor_law_art_024,https://laws.boe.gov.sa/boelaws/laws/lawdetails/08381293-6388-48e2-8ad2-a9a700f2aa94/1,2026-07-07,SOURCE_PAGE_IDENTIFIED,yes,NEEDS_MANUAL_CAPTURE,Amendment available through BOE show-amendment popup; main DOM may be base text; current consolidated text was not safely captured,pending_owner_review,Batch 001 fix: amended article popup reconciliation needed
labor_law_art_025,https://laws.boe.gov.sa/boelaws/laws/lawdetails/08381293-6388-48e2-8ad2-a9a700f2aa94/1,2026-07-07,SOURCE_PAGE_IDENTIFIED,yes,NEEDS_MANUAL_CAPTURE,Amendment available through BOE show-amendment popup; main DOM may be base text; current consolidated text was not safely captured,pending_owner_review,Batch 001 fix: amended article popup reconciliation needed
labor_law_art_026,https://laws.boe.gov.sa/boelaws/laws/lawdetails/08381293-6388-48e2-8ad2-a9a700f2aa94/1,2026-07-07,SOURCE_PAGE_IDENTIFIED,yes,SOURCE_LOCATED,مادة المادة السادسة والعشرون - باب 2,no,
labor_law_art_027,https://laws.boe.gov.sa/boelaws/laws/lawdetails/08381293-6388-48e2-8ad2-a9a700f2aa94/1,2026-07-07,SOURCE_PAGE_IDENTIFIED,yes,SOURCE_LOCATED,مادة المادة السابعة والعشرون - باب 2,no,
labor_law_art_028,https://laws.boe.gov.sa/boelaws/laws/lawdetails/08381293-6388-48e2-8ad2-a9a700f2aa94/1,2026-07-07,SOURCE_PAGE_IDENTIFIED,yes,SOURCE_LOCATED,مادة المادة الثامنة والعشرون - باب 2,no,
labor_law_art_029,https://laws.boe.gov.sa/boelaws/laws/lawdetails/08381293-6388-48e2-8ad2-a9a700f2aa94/1,2026-07-07,SOURCE_PAGE_IDENTIFIED,yes,SOURCE_LOCATED,مادة المادة التاسعة والعشرون - باب 2,no,
labor_law_art_030,https://laws.boe.gov.sa/boelaws/laws/lawdetails/08381293-6388-48e2-8ad2-a9a700f2aa94/1,2026-07-07,SOURCE_PAGE_IDENTIFIED,yes,SOURCE_LOCATED,مادة المادة الثلاثون - باب 2,no,
labor_law_art_031,https://laws.boe.gov.sa/boelaws/laws/lawdetails/08381293-6388-48e2-8ad2-a9a700f2aa94/1,2026-07-07,SOURCE_PAGE_IDENTIFIED,yes,SOURCE_LOCATED,مادة المادة الحادية والثلاثون - باب 2,no,
labor_law_art_032,https://laws.boe.gov.sa/boelaws/laws/lawdetails/08381293-6388-48e2-8ad2-a9a700f2aa94/1,2026-07-07,SOURCE_PAGE_IDENTIFIED,yes,SOURCE_LOCATED,مادة المادة الثانية والثلاثون - باب 3,no,
labor_law_art_033,https://laws.boe.gov.sa/boelaws/laws/lawdetails/08381293-6388-48e2-8ad2-a9a700f2aa94/1,2026-07-07,SOURCE_PAGE_IDENTIFIED,yes,SOURCE_LOCATED,مادة المادة الثالثة والثلاثون - باب 3,no,
labor_law_art_034,https://laws.boe.gov.sa/boelaws/laws/lawdetails/08381293-6388-48e2-8ad2-a9a700f2aa94/1,2026-07-07,SOURCE_PAGE_IDENTIFIED,yes,SOURCE_LOCATED,مادة المادة الرابعة والثلاثون - باب 3,no,
labor_law_art_035,https://laws.boe.gov.sa/boelaws/laws/lawdetails/08381293-6388-48e2-8ad2-a9a700f2aa94/1,2026-07-07,SOURCE_PAGE_IDENTIFIED,yes,SOURCE_LOCATED,مادة المادة الخامسة والثلاثون - باب 3,no,
labor_law_art_036,https://laws.boe.gov.sa/boelaws/laws/lawdetails/08381293-6388-48e2-8ad2-a9a700f2aa94/1,2026-07-07,SOURCE_PAGE_IDENTIFIED,yes,SOURCE_LOCATED,مادة المادة السادسة والثلاثون - باب 3,no,
labor_law_art_037,https://laws.boe.gov.sa/boelaws/laws/lawdetails/08381293-6388-48e2-8ad2-a9a700f2aa94/1,2026-07-07,SOURCE_PAGE_IDENTIFIED,yes,SOURCE_LOCATED,مادة المادة السابعة والثلاثون - باب 3,no,
labor_law_art_038,https://laws.boe.gov.sa/boelaws/laws/lawdetails/08381293-6388-48e2-8ad2-a9a700f2aa94/1,2026-07-07,SOURCE_PAGE_IDENTIFIED,yes,SOURCE_LOCATED,مادة المادة الثامنة والثلاثون - باب 3,no,
labor_law_art_039,https://laws.boe.gov.sa/boelaws/laws/lawdetails/08381293-6388-48e2-8ad2-a9a700f2aa94/1,2026-07-07,SOURCE_PAGE_IDENTIFIED,yes,SOURCE_LOCATED,مادة المادة التاسعة والثلاثون - باب 3,no,
labor_law_art_040,https://laws.boe.gov.sa/boelaws/laws/lawdetails/08381293-6388-48e2-8ad2-a9a700f2aa94/1,2026-07-07,SOURCE_PAGE_IDENTIFIED,yes,SOURCE_LOCATED,مادة المادة الأربعون - باب 3,no,
labor_law_art_041,https://laws.boe.gov.sa/boelaws/laws/lawdetails/08381293-6388-48e2-8ad2-a9a700f2aa94/1,2026-07-07,SOURCE_PAGE_IDENTIFIED,yes,SOURCE_LOCATED,مادة المادة الحادية والأربعون - باب 3,no,
labor_law_art_042,https://laws.boe.gov.sa/boelaws/laws/lawdetails/08381293-6388-48e2-8ad2-a9a700f2aa94/1,2026-07-07,SOURCE_PAGE_IDENTIFIED,yes,SOURCE_LOCATED,مادة المادة الثانية والأربعون - باب 4,no,
labor_law_art_043,https://laws.boe.gov.sa/boelaws/laws/lawdetails/08381293-6388-48e2-8ad2-a9a700f2aa94/1,2026-07-07,SOURCE_PAGE_IDENTIFIED,yes,SOURCE_LOCATED,مادة المادة الثالثة والأربعون - باب 4,no,
labor_law_art_044,https://laws.boe.gov.sa/boelaws/laws/lawdetails/08381293-6388-48e2-8ad2-a9a700f2aa94/1,2026-07-07,SOURCE_PAGE_IDENTIFIED,yes,SOURCE_LOCATED,مادة المادة الرابعة والأربعون - باب 4,no,
labor_law_art_045,https://laws.boe.gov.sa/boelaws/laws/lawdetails/08381293-6388-48e2-8ad2-a9a700f2aa94/1,2026-07-07,SOURCE_PAGE_IDENTIFIED,yes,SOURCE_LOCATED,مادة المادة الخامسة والأربعون - باب 4,no,
labor_law_art_046,https://laws.boe.gov.sa/boelaws/laws/lawdetails/08381293-6388-48e2-8ad2-a9a700f2aa94/1,2026-07-07,SOURCE_PAGE_IDENTIFIED,yes,SOURCE_LOCATED,مادة المادة السادسة والأربعون - باب 4,no,
labor_law_art_047,https://laws.boe.gov.sa/boelaws/laws/lawdetails/08381293-6388-48e2-8ad2-a9a700f2aa94/1,2026-07-07,SOURCE_PAGE_IDENTIFIED,yes,SOURCE_LOCATED,مادة المادة السابعة والأربعون - باب 4,no,
labor_law_art_048,https://laws.boe.gov.sa/boelaws/laws/lawdetails/08381293-6388-48e2-8ad2-a9a700f2aa94/1,2026-07-07,SOURCE_PAGE_IDENTIFIED,yes,SOURCE_LOCATED,مادة المادة الثامنة والأربعون - باب 4,no,
labor_law_art_049,https://laws.boe.gov.sa/boelaws/laws/lawdetails/08381293-6388-48e2-8ad2-a9a700f2aa94/1,2026-07-07,SOURCE_PAGE_IDENTIFIED,yes,SOURCE_LOCATED,مادة المادة التاسعة والأربعون - باب 4,no,
labor_law_art_050,https://laws.boe.gov.sa/boelaws/laws/lawdetails/08381293-6388-48e2-8ad2-a9a700f2aa94/1,2026-07-07,SOURCE_PAGE_IDENTIFIED,yes,SOURCE_LOCATED,مادة المادة الخمسون - باب 5,no,
labor_law_art_051,https://laws.boe.gov.sa/boelaws/laws/lawdetails/08381293-6388-48e2-8ad2-a9a700f2aa94/1,2026-07-07,SOURCE_PAGE_IDENTIFIED,yes,SOURCE_LOCATED,مادة المادة الحادية والخمسون - باب 5,no,
labor_law_art_052,https://laws.boe.gov.sa/boelaws/laws/lawdetails/08381293-6388-48e2-8ad2-a9a700f2aa94/1,2026-07-07,SOURCE_PAGE_IDENTIFIED,yes,SOURCE_LOCATED,مادة المادة الثانية والخمسون - باب 5,no,
labor_law_art_053,https://laws.boe.gov.sa/boelaws/laws/lawdetails/08381293-6388-48e2-8ad2-a9a700f2aa94/1,2026-07-07,SOURCE_PAGE_IDENTIFIED,yes,SOURCE_LOCATED,مادة المادة الثالثة والخمسون - باب 5,no,
labor_law_art_054,https://laws.boe.gov.sa/boelaws/laws/lawdetails/08381293-6388-48e2-8ad2-a9a700f2aa94/1,2026-07-07,SOURCE_PAGE_IDENTIFIED,yes,SOURCE_LOCATED,مادة المادة الرابعة والخمسون - باب 5,no,
labor_law_art_055,https://laws.boe.gov.sa/boelaws/laws/lawdetails/08381293-6388-48e2-8ad2-a9a700f2aa94/1,2026-07-07,SOURCE_PAGE_IDENTIFIED,yes,SOURCE_LOCATED,مادة المادة الخامسة والخمسون - باب 5,no,
labor_law_art_056,https://laws.boe.gov.sa/boelaws/laws/lawdetails/08381293-6388-48e2-8ad2-a9a700f2aa94/1,2026-07-07,SOURCE_PAGE_IDENTIFIED,yes,SOURCE_LOCATED,مادة المادة السادسة والخمسون - باب 5,no,
labor_law_art_057,https://laws.boe.gov.sa/boelaws/laws/lawdetails/08381293-6388-48e2-8ad2-a9a700f2aa94/1,2026-07-07,SOURCE_PAGE_IDENTIFIED,yes,SOURCE_LOCATED,مادة المادة السابعة والخمسون - باب 5,no,
labor_law_art_058,https://laws.boe.gov.sa/boelaws/laws/lawdetails/08381293-6388-48e2-8ad2-a9a700f2aa94/1,2026-07-07,SOURCE_PAGE_IDENTIFIED,yes,SOURCE_LOCATED,مادة المادة الثامنة والخمسون - باب 5,no,
labor_law_art_059,https://laws.boe.gov.sa/boelaws/laws/lawdetails/08381293-6388-48e2-8ad2-a9a700f2aa94/1,2026-07-07,SOURCE_PAGE_IDENTIFIED,yes,SOURCE_LOCATED,مادة المادة التاسعة والخمسون - باب 5,no,
labor_law_art_060,https://laws.boe.gov.sa/boelaws/laws/lawdetails/08381293-6388-48e2-8ad2-a9a700f2aa94/1,2026-07-07,SOURCE_PAGE_IDENTIFIED,yes,SOURCE_LOCATED,مادة المادة الستون - باب 5,no,
labor_law_art_061,https://laws.boe.gov.sa/boelaws/laws/lawdetails/08381293-6388-48e2-8ad2-a9a700f2aa94/1,2026-07-07,SOURCE_PAGE_IDENTIFIED,yes,SOURCE_LOCATED,مادة المادة الحادية والستون - باب 5,no,
labor_law_art_062,https://laws.boe.gov.sa/boelaws/laws/lawdetails/08381293-6388-48e2-8ad2-a9a700f2aa94/1,2026-07-07,SOURCE_PAGE_IDENTIFIED,yes,SOURCE_LOCATED,مادة المادة الثانية والستون - باب 5,no,
labor_law_art_063,https://laws.boe.gov.sa/boelaws/laws/lawdetails/08381293-6388-48e2-8ad2-a9a700f2aa94/1,2026-07-07,SOURCE_PAGE_IDENTIFIED,yes,SOURCE_LOCATED,مادة المادة الثالثة والستون - باب 5,no,
labor_law_art_064,https://laws.boe.gov.sa/boelaws/laws/lawdetails/08381293-6388-48e2-8ad2-a9a700f2aa94/1,2026-07-07,SOURCE_PAGE_IDENTIFIED,yes,SOURCE_LOCATED,مادة المادة الرابعة والستون - باب 5,no,
labor_law_art_065,https://laws.boe.gov.sa/boelaws/laws/lawdetails/08381293-6388-48e2-8ad2-a9a700f2aa94/1,2026-07-07,SOURCE_PAGE_IDENTIFIED,yes,SOURCE_LOCATED,مادة المادة الخامسة والستون - باب 5,no,
labor_law_art_066,https://laws.boe.gov.sa/boelaws/laws/lawdetails/08381293-6388-48e2-8ad2-a9a700f2aa94/1,2026-07-07,SOURCE_PAGE_IDENTIFIED,yes,SOURCE_LOCATED,مادة المادة السادسة والستون - باب 5,no,
labor_law_art_067,https://laws.boe.gov.sa/boelaws/laws/lawdetails/08381293-6388-48e2-8ad2-a9a700f2aa94/1,2026-07-07,SOURCE_PAGE_IDENTIFIED,yes,SOURCE_LOCATED,مادة المادة السابعة والستون - باب 5,no,
labor_law_art_068,https://laws.boe.gov.sa/boelaws/laws/lawdetails/08381293-6388-48e2-8ad2-a9a700f2aa94/1,2026-07-07,SOURCE_PAGE_IDENTIFIED,yes,SOURCE_LOCATED,مادة المادة الثامنة والستون - باب 5,no,
labor_law_art_069,https://laws.boe.gov.sa/boelaws/laws/lawdetails/08381293-6388-48e2-8ad2-a9a700f2aa94/1,2026-07-07,SOURCE_PAGE_IDENTIFIED,yes,SOURCE_LOCATED,مادة المادة التاسعة والستون - باب 5,no,
labor_law_art_070,https://laws.boe.gov.sa/boelaws/laws/lawdetails/08381293-6388-48e2-8ad2-a9a700f2aa94/1,2026-07-07,SOURCE_PAGE_IDENTIFIED,yes,SOURCE_LOCATED,مادة المادة السبعون - باب 5,no,
labor_law_art_071,https://laws.boe.gov.sa/boelaws/laws/lawdetails/08381293-6388-48e2-8ad2-a9a700f2aa94/1,2026-07-07,SOURCE_PAGE_IDENTIFIED,yes,SOURCE_LOCATED,مادة المادة الحادية والسبعون - باب 5,no,
labor_law_art_072,https://laws.boe.gov.sa/boelaws/laws/lawdetails/08381293-6388-48e2-8ad2-a9a700f2aa94/1,2026-07-07,SOURCE_PAGE_IDENTIFIED,yes,SOURCE_LOCATED,مادة المادة الثانية والسبعون - باب 5,no,
labor_law_art_073,https://laws.boe.gov.sa/boelaws/laws/lawdetails/08381293-6388-48e2-8ad2-a9a700f2aa94/1,2026-07-07,SOURCE_PAGE_IDENTIFIED,yes,SOURCE_LOCATED,مادة المادة الثالثة والسبعون - باب 5,no,
labor_law_art_074,https://laws.boe.gov.sa/boelaws/laws/lawdetails/08381293-6388-48e2-8ad2-a9a700f2aa94/1,2026-07-07,SOURCE_PAGE_IDENTIFIED,yes,SOURCE_LOCATED,مادة المادة الرابعة والسبعون - باب 5,no,
labor_law_art_075,https://laws.boe.gov.sa/boelaws/laws/lawdetails/08381293-6388-48e2-8ad2-a9a700f2aa94/1,2026-07-07,SOURCE_PAGE_IDENTIFIED,yes,SOURCE_LOCATED,مادة المادة الخامسة والسبعون - باب 5,no,
labor_law_art_076,https://laws.boe.gov.sa/boelaws/laws/lawdetails/08381293-6388-48e2-8ad2-a9a700f2aa94/1,2026-07-07,SOURCE_PAGE_IDENTIFIED,yes,SOURCE_LOCATED,مادة المادة السادسة والسبعون - باب 5,no,
labor_law_art_077,https://laws.boe.gov.sa/boelaws/laws/lawdetails/08381293-6388-48e2-8ad2-a9a700f2aa94/1,2026-07-07,SOURCE_PAGE_IDENTIFIED,yes,SOURCE_LOCATED,مادة المادة السابعة والسبعون - باب 5,no,
labor_law_art_078,https://laws.boe.gov.sa/boelaws/laws/lawdetails/08381293-6388-48e2-8ad2-a9a700f2aa94/1,2026-07-07,SOURCE_PAGE_IDENTIFIED,yes,SOURCE_LOCATED,مادة المادة الثامنة والسبعون - باب 5,no,
labor_law_art_079,https://laws.boe.gov.sa/boelaws/laws/lawdetails/08381293-6388-48e2-8ad2-a9a700f2aa94/1,2026-07-07,SOURCE_PAGE_IDENTIFIED,yes,SOURCE_LOCATED,مادة المادة التاسعة والسبعون - باب 5,no,
labor_law_art_079_mukarrar,https://laws.boe.gov.sa/boelaws/laws/lawdetails/08381293-6388-48e2-8ad2-a9a700f2aa94/1,2026-07-07,SOURCE_PAGE_IDENTIFIED,yes,SOURCE_LOCATED,مادة ( التاسعة والسبعين مكرر ) - باب 5,no,
labor_law_art_080,https://laws.boe.gov.sa/boelaws/laws/lawdetails/08381293-6388-48e2-8ad2-a9a700f2aa94/1,2026-07-07,SOURCE_PAGE_IDENTIFIED,yes,SOURCE_LOCATED,مادة المادة الثمانون - باب 5,no,
labor_law_art_081,https://laws.boe.gov.sa/boelaws/laws/lawdetails/08381293-6388-48e2-8ad2-a9a700f2aa94/1,2026-07-07,SOURCE_PAGE_IDENTIFIED,yes,SOURCE_LOCATED,مادة المادة الحادية والثمانون - باب 5,no,
labor_law_art_082,https://laws.boe.gov.sa/boelaws/laws/lawdetails/08381293-6388-48e2-8ad2-a9a700f2aa94/1,2026-07-07,SOURCE_PAGE_IDENTIFIED,yes,SOURCE_LOCATED,مادة المادة الثانية والثمانون - باب 5,no,
labor_law_art_083,https://laws.boe.gov.sa/boelaws/laws/lawdetails/08381293-6388-48e2-8ad2-a9a700f2aa94/1,2026-07-07,SOURCE_PAGE_IDENTIFIED,yes,SOURCE_LOCATED,مادة المادة الثالثة والثمانون - باب 5,no,
labor_law_art_084,https://laws.boe.gov.sa/boelaws/laws/lawdetails/08381293-6388-48e2-8ad2-a9a700f2aa94/1,2026-07-07,SOURCE_PAGE_IDENTIFIED,yes,SOURCE_LOCATED,مادة المادة الرابعة والثمانون - باب 5,no,
labor_law_art_085,https://laws.boe.gov.sa/boelaws/laws/lawdetails/08381293-6388-48e2-8ad2-a9a700f2aa94/1,2026-07-07,SOURCE_PAGE_IDENTIFIED,yes,SOURCE_LOCATED,مادة المادة الخامسة والثمانون - باب 5,no,
labor_law_art_086,https://laws.boe.gov.sa/boelaws/laws/lawdetails/08381293-6388-48e2-8ad2-a9a700f2aa94/1,2026-07-07,SOURCE_PAGE_IDENTIFIED,yes,SOURCE_LOCATED,مادة المادة السادسة والثمانون - باب 5,no,
labor_law_art_087,https://laws.boe.gov.sa/boelaws/laws/lawdetails/08381293-6388-48e2-8ad2-a9a700f2aa94/1,2026-07-07,SOURCE_PAGE_IDENTIFIED,yes,SOURCE_LOCATED,مادة المادة السابعة والثمانون - باب 5,no,
labor_law_art_088,https://laws.boe.gov.sa/boelaws/laws/lawdetails/08381293-6388-48e2-8ad2-a9a700f2aa94/1,2026-07-07,SOURCE_PAGE_IDENTIFIED,yes,SOURCE_LOCATED,مادة المادة الثامنة والثمانون - باب 5,no,
labor_law_art_089,https://laws.boe.gov.sa/boelaws/laws/lawdetails/08381293-6388-48e2-8ad2-a9a700f2aa94/1,2026-07-07,SOURCE_PAGE_IDENTIFIED,yes,SOURCE_LOCATED,مادة المادة التاسعة والثمانون - باب 6,no,
labor_law_art_090,https://laws.boe.gov.sa/boelaws/laws/lawdetails/08381293-6388-48e2-8ad2-a9a700f2aa94/1,2026-07-07,SOURCE_PAGE_IDENTIFIED,yes,SOURCE_LOCATED,مادة المادة التسعون - باب 6,no,
labor_law_art_091,https://laws.boe.gov.sa/boelaws/laws/lawdetails/08381293-6388-48e2-8ad2-a9a700f2aa94/1,2026-07-07,SOURCE_PAGE_IDENTIFIED,yes,SOURCE_LOCATED,مادة المادة الحادية والتسعون - باب 6,no,
labor_law_art_092,https://laws.boe.gov.sa/boelaws/laws/lawdetails/08381293-6388-48e2-8ad2-a9a700f2aa94/1,2026-07-07,SOURCE_PAGE_IDENTIFIED,yes,SOURCE_LOCATED,مادة المادة الثانية والتسعون - باب 6,no,
labor_law_art_093,https://laws.boe.gov.sa/boelaws/laws/lawdetails/08381293-6388-48e2-8ad2-a9a700f2aa94/1,2026-07-07,SOURCE_PAGE_IDENTIFIED,yes,SOURCE_LOCATED,مادة المادة الثالثة والتسعون - باب 6,no,
labor_law_art_094,https://laws.boe.gov.sa/boelaws/laws/lawdetails/08381293-6388-48e2-8ad2-a9a700f2aa94/1,2026-07-07,SOURCE_PAGE_IDENTIFIED,yes,SOURCE_LOCATED,مادة المادة الرابعة والتسعون - باب 6,no,
labor_law_art_095,https://laws.boe.gov.sa/boelaws/laws/lawdetails/08381293-6388-48e2-8ad2-a9a700f2aa94/1,2026-07-07,SOURCE_PAGE_IDENTIFIED,yes,SOURCE_LOCATED,مادة المادة الخامسة والتسعون - باب 6,no,
labor_law_art_096,https://laws.boe.gov.sa/boelaws/laws/lawdetails/08381293-6388-48e2-8ad2-a9a700f2aa94/1,2026-07-07,SOURCE_PAGE_IDENTIFIED,yes,SOURCE_LOCATED,مادة المادة السادسة والتسعون - باب 6,no,
labor_law_art_097,https://laws.boe.gov.sa/boelaws/laws/lawdetails/08381293-6388-48e2-8ad2-a9a700f2aa94/1,2026-07-07,SOURCE_PAGE_IDENTIFIED,yes,SOURCE_LOCATED,مادة المادة السابعة والتسعون - باب 6,no,
labor_law_art_098,https://laws.boe.gov.sa/boelaws/laws/lawdetails/08381293-6388-48e2-8ad2-a9a700f2aa94/1,2026-07-07,SOURCE_PAGE_IDENTIFIED,yes,SOURCE_LOCATED,مادة المادة الثامنة والتسعون - باب 6,no,
labor_law_art_099,https://laws.boe.gov.sa/boelaws/laws/lawdetails/08381293-6388-48e2-8ad2-a9a700f2aa94/1,2026-07-07,SOURCE_PAGE_IDENTIFIED,yes,SOURCE_LOCATED,مادة المادة التاسعة والتسعون - باب 6,no,
labor_law_art_100,https://laws.boe.gov.sa/boelaws/laws/lawdetails/08381293-6388-48e2-8ad2-a9a700f2aa94/1,2026-07-07,SOURCE_PAGE_IDENTIFIED,yes,SOURCE_LOCATED,مادة المادة المائة - باب 6,no,
labor_law_art_101,https://laws.boe.gov.sa/boelaws/laws/lawdetails/08381293-6388-48e2-8ad2-a9a700f2aa94/1,2026-07-07,SOURCE_PAGE_IDENTIFIED,yes,SOURCE_LOCATED,مادة المادة الأولى بعد المائة - باب 6,no,
labor_law_art_102,https://laws.boe.gov.sa/boelaws/laws/lawdetails/08381293-6388-48e2-8ad2-a9a700f2aa94/1,2026-07-07,SOURCE_PAGE_IDENTIFIED,yes,SOURCE_LOCATED,مادة المادة الثانية بعد المائة - باب 6,no,
labor_law_art_103,https://laws.boe.gov.sa/boelaws/laws/lawdetails/08381293-6388-48e2-8ad2-a9a700f2aa94/1,2026-07-07,SOURCE_PAGE_IDENTIFIED,yes,SOURCE_LOCATED,مادة المادة الثالثة بعد المائة - باب 6,no,
labor_law_art_104,https://laws.boe.gov.sa/boelaws/laws/lawdetails/08381293-6388-48e2-8ad2-a9a700f2aa94/1,2026-07-07,SOURCE_PAGE_IDENTIFIED,yes,SOURCE_LOCATED,مادة المادة الرابعة بعد المائة - باب 6,no,
labor_law_art_105,https://laws.boe.gov.sa/boelaws/laws/lawdetails/08381293-6388-48e2-8ad2-a9a700f2aa94/1,2026-07-07,SOURCE_PAGE_IDENTIFIED,yes,SOURCE_LOCATED,مادة المادة الخامسة بعد المائة - باب 6,no,
labor_law_art_106,https://laws.boe.gov.sa/boelaws/laws/lawdetails/08381293-6388-48e2-8ad2-a9a700f2aa94/1,2026-07-07,SOURCE_PAGE_IDENTIFIED,yes,SOURCE_LOCATED,مادة المادة السادسة بعد المائة - باب 6,no,
labor_law_art_107,https://laws.boe.gov.sa/boelaws/laws/lawdetails/08381293-6388-48e2-8ad2-a9a700f2aa94/1,2026-07-07,SOURCE_PAGE_IDENTIFIED,yes,SOURCE_LOCATED,مادة المادة السابعة بعد المائة - باب 6,no,
labor_law_art_108,https://laws.boe.gov.sa/boelaws/laws/lawdetails/08381293-6388-48e2-8ad2-a9a700f2aa94/1,2026-07-07,SOURCE_PAGE_IDENTIFIED,yes,SOURCE_LOCATED,مادة المادة الثامنة بعد المائة - باب 6,no,
labor_law_art_109,https://laws.boe.gov.sa/boelaws/laws/lawdetails/08381293-6388-48e2-8ad2-a9a700f2aa94/1,2026-07-07,SOURCE_PAGE_IDENTIFIED,yes,SOURCE_LOCATED,مادة المادة التاسعة بعد المائة - باب 6,no,
labor_law_art_110,https://laws.boe.gov.sa/boelaws/laws/lawdetails/08381293-6388-48e2-8ad2-a9a700f2aa94/1,2026-07-07,SOURCE_PAGE_IDENTIFIED,yes,SOURCE_LOCATED,مادة المادة العاشرة بعد المائة - باب 6,no,
labor_law_art_111,https://laws.boe.gov.sa/boelaws/laws/lawdetails/08381293-6388-48e2-8ad2-a9a700f2aa94/1,2026-07-07,SOURCE_PAGE_IDENTIFIED,yes,SOURCE_LOCATED,مادة المادة الحادية عشرة بعد المائة - باب 6,no,
labor_law_art_112,https://laws.boe.gov.sa/boelaws/laws/lawdetails/08381293-6388-48e2-8ad2-a9a700f2aa94/1,2026-07-07,SOURCE_PAGE_IDENTIFIED,yes,SOURCE_LOCATED,مادة المادة الثانية عشرة بعد المائة - باب 6,no,
labor_law_art_113,https://laws.boe.gov.sa/boelaws/laws/lawdetails/08381293-6388-48e2-8ad2-a9a700f2aa94/1,2026-07-07,SOURCE_PAGE_IDENTIFIED,yes,SOURCE_LOCATED,مادة المادة الثالثة عشرة بعد المائة - باب 6,no,
labor_law_art_114,https://laws.boe.gov.sa/boelaws/laws/lawdetails/08381293-6388-48e2-8ad2-a9a700f2aa94/1,2026-07-07,SOURCE_PAGE_IDENTIFIED,yes,SOURCE_LOCATED,مادة المادة الرابعة عشرة بعد المائة - باب 6,no,
labor_law_art_115,https://laws.boe.gov.sa/boelaws/laws/lawdetails/08381293-6388-48e2-8ad2-a9a700f2aa94/1,2026-07-07,SOURCE_PAGE_IDENTIFIED,yes,SOURCE_LOCATED,مادة المادة الخامسة عشرة بعد المائة - باب 6,no,
labor_law_art_116,https://laws.boe.gov.sa/boelaws/laws/lawdetails/08381293-6388-48e2-8ad2-a9a700f2aa94/1,2026-07-07,SOURCE_PAGE_IDENTIFIED,yes,SOURCE_LOCATED,مادة المادة السادسة عشرة بعد المائة - باب 6,no,
labor_law_art_117,https://laws.boe.gov.sa/boelaws/laws/lawdetails/08381293-6388-48e2-8ad2-a9a700f2aa94/1,2026-07-07,SOURCE_PAGE_IDENTIFIED,yes,SOURCE_LOCATED,مادة المادة السابعة عشرة بعد المائة - باب 6,no,
labor_law_art_118,https://laws.boe.gov.sa/boelaws/laws/lawdetails/08381293-6388-48e2-8ad2-a9a700f2aa94/1,2026-07-07,SOURCE_PAGE_IDENTIFIED,yes,SOURCE_LOCATED,مادة المادة الثامنة عشرة بعد المائة - باب 6,no,
labor_law_art_119,https://laws.boe.gov.sa/boelaws/laws/lawdetails/08381293-6388-48e2-8ad2-a9a700f2aa94/1,2026-07-07,SOURCE_PAGE_IDENTIFIED,yes,SOURCE_LOCATED,مادة المادة التاسعة عشرة بعد المائة - باب 7,no,
labor_law_art_120,https://laws.boe.gov.sa/boelaws/laws/lawdetails/08381293-6388-48e2-8ad2-a9a700f2aa94/1,2026-07-07,SOURCE_PAGE_IDENTIFIED,yes,SOURCE_LOCATED,مادة المادة العشرون بعد المائة - باب 7,no,
labor_law_art_121,https://laws.boe.gov.sa/boelaws/laws/lawdetails/08381293-6388-48e2-8ad2-a9a700f2aa94/1,2026-07-07,SOURCE_PAGE_IDENTIFIED,yes,SOURCE_LOCATED,مادة المادة الحادية والعشرون بعد المائة - باب 8,no,
labor_law_art_122,https://laws.boe.gov.sa/boelaws/laws/lawdetails/08381293-6388-48e2-8ad2-a9a700f2aa94/1,2026-07-07,SOURCE_PAGE_IDENTIFIED,yes,SOURCE_LOCATED,مادة المادة الثانية والعشرون بعد المائة - باب 8,no,
labor_law_art_123,https://laws.boe.gov.sa/boelaws/laws/lawdetails/08381293-6388-48e2-8ad2-a9a700f2aa94/1,2026-07-07,SOURCE_PAGE_IDENTIFIED,yes,SOURCE_LOCATED,مادة المادة الثالثة والعشرون بعد المائة - باب 8,no,
labor_law_art_124,https://laws.boe.gov.sa/boelaws/laws/lawdetails/08381293-6388-48e2-8ad2-a9a700f2aa94/1,2026-07-07,SOURCE_PAGE_IDENTIFIED,yes,SOURCE_LOCATED,مادة المادة الرابعة والعشرون بعد المائة - باب 8,no,
labor_law_art_125,https://laws.boe.gov.sa/boelaws/laws/lawdetails/08381293-6388-48e2-8ad2-a9a700f2aa94/1,2026-07-07,SOURCE_PAGE_IDENTIFIED,yes,SOURCE_LOCATED,مادة المادة الخامسة والعشرون بعد المائة - باب 8,no,
labor_law_art_126,https://laws.boe.gov.sa/boelaws/laws/lawdetails/08381293-6388-48e2-8ad2-a9a700f2aa94/1,2026-07-07,SOURCE_PAGE_IDENTIFIED,yes,SOURCE_LOCATED,مادة المادة السادسة والعشرون بعد المائة - باب 8,no,
labor_law_art_127,https://laws.boe.gov.sa/boelaws/laws/lawdetails/08381293-6388-48e2-8ad2-a9a700f2aa94/1,2026-07-07,SOURCE_PAGE_IDENTIFIED,yes,SOURCE_LOCATED,مادة المادة السابعة والعشرون بعد المائة - باب 8,no,
labor_law_art_128,https://laws.boe.gov.sa/boelaws/laws/lawdetails/08381293-6388-48e2-8ad2-a9a700f2aa94/1,2026-07-07,SOURCE_PAGE_IDENTIFIED,yes,SOURCE_LOCATED,مادة المادة الثامنة والعشرون بعد المائة - باب 8,no,
labor_law_art_129,https://laws.boe.gov.sa/boelaws/laws/lawdetails/08381293-6388-48e2-8ad2-a9a700f2aa94/1,2026-07-07,SOURCE_PAGE_IDENTIFIED,yes,SOURCE_LOCATED,مادة المادة التاسعة والعشرون بعد المائة - باب 8,no,
labor_law_art_130,https://laws.boe.gov.sa/boelaws/laws/lawdetails/08381293-6388-48e2-8ad2-a9a700f2aa94/1,2026-07-07,SOURCE_PAGE_IDENTIFIED,yes,SOURCE_LOCATED,مادة المادة الثلاثون بعد المائة - باب 8,no,
labor_law_art_131,https://laws.boe.gov.sa/boelaws/laws/lawdetails/08381293-6388-48e2-8ad2-a9a700f2aa94/1,2026-07-07,SOURCE_PAGE_IDENTIFIED,yes,SOURCE_LOCATED,مادة المادة الحادية والثلاثون بعد المائة - باب 8,no,
labor_law_art_132,https://laws.boe.gov.sa/boelaws/laws/lawdetails/08381293-6388-48e2-8ad2-a9a700f2aa94/1,2026-07-07,SOURCE_PAGE_IDENTIFIED,yes,SOURCE_LOCATED,مادة المادة الثانية والثلاثون بعد المائة - باب 8,no,
labor_law_art_133,https://laws.boe.gov.sa/boelaws/laws/lawdetails/08381293-6388-48e2-8ad2-a9a700f2aa94/1,2026-07-07,SOURCE_PAGE_IDENTIFIED,yes,SOURCE_LOCATED,مادة المادة الثالثة والثلاثون بعد المائة - باب 8,no,
labor_law_art_134,https://laws.boe.gov.sa/boelaws/laws/lawdetails/08381293-6388-48e2-8ad2-a9a700f2aa94/1,2026-07-07,SOURCE_PAGE_IDENTIFIED,yes,SOURCE_LOCATED,مادة المادة الرابعة والثلاثون بعد المائة - باب 8,no,
labor_law_art_135,https://laws.boe.gov.sa/boelaws/laws/lawdetails/08381293-6388-48e2-8ad2-a9a700f2aa94/1,2026-07-07,SOURCE_PAGE_IDENTIFIED,yes,SOURCE_LOCATED,مادة المادة الخامسة والثلاثون بعد المائة - باب 8,no,
labor_law_art_136,https://laws.boe.gov.sa/boelaws/laws/lawdetails/08381293-6388-48e2-8ad2-a9a700f2aa94/1,2026-07-07,SOURCE_PAGE_IDENTIFIED,yes,SOURCE_LOCATED,مادة المادة السادسة والثلاثون بعد المائة - باب 8,no,
labor_law_art_137,https://laws.boe.gov.sa/boelaws/laws/lawdetails/08381293-6388-48e2-8ad2-a9a700f2aa94/1,2026-07-07,SOURCE_PAGE_IDENTIFIED,yes,SOURCE_LOCATED,مادة المادة السابعة والثلاثون بعد المائة - باب 8,no,
labor_law_art_138,https://laws.boe.gov.sa/boelaws/laws/lawdetails/08381293-6388-48e2-8ad2-a9a700f2aa94/1,2026-07-07,SOURCE_PAGE_IDENTIFIED,yes,SOURCE_LOCATED,مادة المادة الثامنة والثلاثون بعد المائة - باب 8,no,
labor_law_art_139,https://laws.boe.gov.sa/boelaws/laws/lawdetails/08381293-6388-48e2-8ad2-a9a700f2aa94/1,2026-07-07,SOURCE_PAGE_IDENTIFIED,yes,SOURCE_LOCATED,مادة المادة التاسعة والثلاثون بعد المائة - باب 8,no,
labor_law_art_140,https://laws.boe.gov.sa/boelaws/laws/lawdetails/08381293-6388-48e2-8ad2-a9a700f2aa94/1,2026-07-07,SOURCE_PAGE_IDENTIFIED,yes,SOURCE_LOCATED,مادة المادة الأربعون بعد المائة - باب 8,no,
labor_law_art_141,https://laws.boe.gov.sa/boelaws/laws/lawdetails/08381293-6388-48e2-8ad2-a9a700f2aa94/1,2026-07-07,SOURCE_PAGE_IDENTIFIED,yes,SOURCE_LOCATED,مادة المادة الحادية والأربعون بعد المائة - باب 8,no,
labor_law_art_142,https://laws.boe.gov.sa/boelaws/laws/lawdetails/08381293-6388-48e2-8ad2-a9a700f2aa94/1,2026-07-07,SOURCE_PAGE_IDENTIFIED,yes,SOURCE_LOCATED,مادة المادة الثانية والأربعون بعد المائة - باب 8,no,
labor_law_art_143,https://laws.boe.gov.sa/boelaws/laws/lawdetails/08381293-6388-48e2-8ad2-a9a700f2aa94/1,2026-07-07,SOURCE_PAGE_IDENTIFIED,yes,SOURCE_LOCATED,مادة المادة الثالثة والأربعون بعد المائة - باب 8,no,
labor_law_art_144,https://laws.boe.gov.sa/boelaws/laws/lawdetails/08381293-6388-48e2-8ad2-a9a700f2aa94/1,2026-07-07,SOURCE_PAGE_IDENTIFIED,yes,SOURCE_LOCATED,مادة المادة الرابعة والأربعون بعد المائة - باب 8,no,
labor_law_art_145,https://laws.boe.gov.sa/boelaws/laws/lawdetails/08381293-6388-48e2-8ad2-a9a700f2aa94/1,2026-07-07,SOURCE_PAGE_IDENTIFIED,yes,SOURCE_LOCATED,مادة المادة الخامسة والأربعون بعد المائة - باب 8,no,
labor_law_art_146,https://laws.boe.gov.sa/boelaws/laws/lawdetails/08381293-6388-48e2-8ad2-a9a700f2aa94/1,2026-07-07,SOURCE_PAGE_IDENTIFIED,yes,SOURCE_LOCATED,مادة المادة السادسة والأربعون بعد المائة - باب 8,no,
labor_law_art_147,https://laws.boe.gov.sa/boelaws/laws/lawdetails/08381293-6388-48e2-8ad2-a9a700f2aa94/1,2026-07-07,SOURCE_PAGE_IDENTIFIED,yes,SOURCE_LOCATED,مادة المادة السابعة والأربعون بعد المائة - باب 8,no,
labor_law_art_148,https://laws.boe.gov.sa/boelaws/laws/lawdetails/08381293-6388-48e2-8ad2-a9a700f2aa94/1,2026-07-07,SOURCE_PAGE_IDENTIFIED,yes,SOURCE_LOCATED,مادة المادة الثامنة والأربعون بعد المائة - باب 8,no,
labor_law_art_149,https://laws.boe.gov.sa/boelaws/laws/lawdetails/08381293-6388-48e2-8ad2-a9a700f2aa94/1,2026-07-07,SOURCE_PAGE_IDENTIFIED,yes,SOURCE_LOCATED,مادة المادة التاسعة والأربعون بعد المائة - باب 9,no,
labor_law_art_150,https://laws.boe.gov.sa/boelaws/laws/lawdetails/08381293-6388-48e2-8ad2-a9a700f2aa94/1,2026-07-07,SOURCE_PAGE_IDENTIFIED,yes,SOURCE_LOCATED,مادة المادة الخمسون بعد المائة - باب 9,no,
labor_law_art_151,https://laws.boe.gov.sa/boelaws/laws/lawdetails/08381293-6388-48e2-8ad2-a9a700f2aa94/1,2026-07-07,SOURCE_PAGE_IDENTIFIED,yes,SOURCE_LOCATED,مادة المادة الحادية والخمسون بعد المائة - باب 9,no,
labor_law_art_152,https://laws.boe.gov.sa/boelaws/laws/lawdetails/08381293-6388-48e2-8ad2-a9a700f2aa94/1,2026-07-07,SOURCE_PAGE_IDENTIFIED,yes,SOURCE_LOCATED,مادة المادة الثانية والخمسون بعد المائة - باب 9,no,
labor_law_art_153,https://laws.boe.gov.sa/boelaws/laws/lawdetails/08381293-6388-48e2-8ad2-a9a700f2aa94/1,2026-07-07,SOURCE_PAGE_IDENTIFIED,yes,SOURCE_LOCATED,مادة المادة الثالثة والخمسون بعد المائة - باب 9,no,
labor_law_art_154,https://laws.boe.gov.sa/boelaws/laws/lawdetails/08381293-6388-48e2-8ad2-a9a700f2aa94/1,2026-07-07,SOURCE_PAGE_IDENTIFIED,yes,SOURCE_LOCATED,مادة المادة الرابعة والخمسون بعد المائة - باب 9,no,
labor_law_art_155,https://laws.boe.gov.sa/boelaws/laws/lawdetails/08381293-6388-48e2-8ad2-a9a700f2aa94/1,2026-07-07,SOURCE_PAGE_IDENTIFIED,yes,SOURCE_LOCATED,مادة المادة الخامسة والخمسون بعد المائة - باب 9,no,
labor_law_art_156,https://laws.boe.gov.sa/boelaws/laws/lawdetails/08381293-6388-48e2-8ad2-a9a700f2aa94/1,2026-07-07,SOURCE_PAGE_IDENTIFIED,yes,SOURCE_LOCATED,مادة المادة السادسة والخمسون بعد المائة - باب 9,no,
labor_law_art_157,https://laws.boe.gov.sa/boelaws/laws/lawdetails/08381293-6388-48e2-8ad2-a9a700f2aa94/1,2026-07-07,SOURCE_PAGE_IDENTIFIED,yes,SOURCE_LOCATED,مادة المادة السابعة والخمسون بعد المائة - باب 9,no,
labor_law_art_158,https://laws.boe.gov.sa/boelaws/laws/lawdetails/08381293-6388-48e2-8ad2-a9a700f2aa94/1,2026-07-07,SOURCE_PAGE_IDENTIFIED,yes,SOURCE_LOCATED,مادة المادة الثامنة والخمسون بعد المائة - باب 9,no,
labor_law_art_159,https://laws.boe.gov.sa/boelaws/laws/lawdetails/08381293-6388-48e2-8ad2-a9a700f2aa94/1,2026-07-07,SOURCE_PAGE_IDENTIFIED,yes,SOURCE_LOCATED,مادة المادة التاسعة والخمسون بعد المائة - باب 9,no,
labor_law_art_160,https://laws.boe.gov.sa/boelaws/laws/lawdetails/08381293-6388-48e2-8ad2-a9a700f2aa94/1,2026-07-07,SOURCE_PAGE_IDENTIFIED,yes,SOURCE_LOCATED,مادة المادة الستون بعد المائة - باب 9,no,
labor_law_art_161,https://laws.boe.gov.sa/boelaws/laws/lawdetails/08381293-6388-48e2-8ad2-a9a700f2aa94/1,2026-07-07,SOURCE_PAGE_IDENTIFIED,yes,SOURCE_LOCATED,مادة المادة الحادية والستون بعد المائة - باب 10,no,
labor_law_art_162,https://laws.boe.gov.sa/boelaws/laws/lawdetails/08381293-6388-48e2-8ad2-a9a700f2aa94/1,2026-07-07,SOURCE_PAGE_IDENTIFIED,yes,SOURCE_LOCATED,مادة المادة الثانية والستون بعد المائة - باب 10,no,
labor_law_art_163,https://laws.boe.gov.sa/boelaws/laws/lawdetails/08381293-6388-48e2-8ad2-a9a700f2aa94/1,2026-07-07,SOURCE_PAGE_IDENTIFIED,yes,SOURCE_LOCATED,مادة المادة الثالثة والستون بعد المائة - باب 10,no,
labor_law_art_164,https://laws.boe.gov.sa/boelaws/laws/lawdetails/08381293-6388-48e2-8ad2-a9a700f2aa94/1,2026-07-07,SOURCE_PAGE_IDENTIFIED,yes,SOURCE_LOCATED,مادة المادة الرابعة والستون بعد المائة - باب 10,no,
labor_law_art_165,https://laws.boe.gov.sa/boelaws/laws/lawdetails/08381293-6388-48e2-8ad2-a9a700f2aa94/1,2026-07-07,SOURCE_PAGE_IDENTIFIED,yes,SOURCE_LOCATED,مادة المادة الخامسة والستون بعد المائة - باب 10,no,
labor_law_art_166,https://laws.boe.gov.sa/boelaws/laws/lawdetails/08381293-6388-48e2-8ad2-a9a700f2aa94/1,2026-07-07,SOURCE_PAGE_IDENTIFIED,yes,SOURCE_LOCATED,مادة المادة السادسة والستون بعد المائة - باب 10,no,
labor_law_art_167,https://laws.boe.gov.sa/boelaws/laws/lawdetails/08381293-6388-48e2-8ad2-a9a700f2aa94/1,2026-07-07,SOURCE_PAGE_IDENTIFIED,yes,SOURCE_LOCATED,مادة المادة السابعة والستون بعد المائة - باب 10,no,
labor_law_art_168,https://laws.boe.gov.sa/boelaws/laws/lawdetails/08381293-6388-48e2-8ad2-a9a700f2aa94/1,2026-07-07,SOURCE_PAGE_IDENTIFIED,yes,SOURCE_LOCATED,مادة المادة الثامنة والستون بعد المائة - باب 11,no,
labor_law_art_169,https://laws.boe.gov.sa/boelaws/laws/lawdetails/08381293-6388-48e2-8ad2-a9a700f2aa94/1,2026-07-07,SOURCE_PAGE_IDENTIFIED,yes,SOURCE_LOCATED,مادة المادة التاسعة والستون بعد المائة - باب 11,no,
labor_law_art_170,https://laws.boe.gov.sa/boelaws/laws/lawdetails/08381293-6388-48e2-8ad2-a9a700f2aa94/1,2026-07-07,SOURCE_PAGE_IDENTIFIED,yes,SOURCE_LOCATED,مادة المادة السبعون بعد المائة - باب 11,no,
labor_law_art_171,https://laws.boe.gov.sa/boelaws/laws/lawdetails/08381293-6388-48e2-8ad2-a9a700f2aa94/1,2026-07-07,SOURCE_PAGE_IDENTIFIED,yes,SOURCE_LOCATED,مادة المادة الحادية والسبعون بعد المائة - باب 11,no,
labor_law_art_172,https://laws.boe.gov.sa/boelaws/laws/lawdetails/08381293-6388-48e2-8ad2-a9a700f2aa94/1,2026-07-07,SOURCE_PAGE_IDENTIFIED,yes,SOURCE_LOCATED,مادة المادة الثانية والسبعون بعد المائة - باب 11,no,
labor_law_art_173,https://laws.boe.gov.sa/boelaws/laws/lawdetails/08381293-6388-48e2-8ad2-a9a700f2aa94/1,2026-07-07,SOURCE_PAGE_IDENTIFIED,yes,SOURCE_LOCATED,مادة المادة الثالثة والسبعون بعد المائة - باب 11,no,
labor_law_art_174,https://laws.boe.gov.sa/boelaws/laws/lawdetails/08381293-6388-48e2-8ad2-a9a700f2aa94/1,2026-07-07,SOURCE_PAGE_IDENTIFIED,yes,SOURCE_LOCATED,مادة المادة الرابعة والسبعون بعد المائة - باب 11,no,
labor_law_art_175,https://laws.boe.gov.sa/boelaws/laws/lawdetails/08381293-6388-48e2-8ad2-a9a700f2aa94/1,2026-07-07,SOURCE_PAGE_IDENTIFIED,yes,SOURCE_LOCATED,مادة المادة الخامسة والسبعون بعد المائة - باب 11,no,
labor_law_art_176,https://laws.boe.gov.sa/boelaws/laws/lawdetails/08381293-6388-48e2-8ad2-a9a700f2aa94/1,2026-07-07,SOURCE_PAGE_IDENTIFIED,yes,SOURCE_LOCATED,مادة المادة السادسة والسبعون بعد المائة - باب 11,no,
labor_law_art_177,https://laws.boe.gov.sa/boelaws/laws/lawdetails/08381293-6388-48e2-8ad2-a9a700f2aa94/1,2026-07-07,SOURCE_PAGE_IDENTIFIED,yes,SOURCE_LOCATED,مادة المادة السابعة والسبعون بعد المائة - باب 11,no,
labor_law_art_178,https://laws.boe.gov.sa/boelaws/laws/lawdetails/08381293-6388-48e2-8ad2-a9a700f2aa94/1,2026-07-07,SOURCE_PAGE_IDENTIFIED,yes,SOURCE_LOCATED,مادة المادة الثامنة والسبعون بعد المائة - باب 11,no,
labor_law_art_179,https://laws.boe.gov.sa/boelaws/laws/lawdetails/08381293-6388-48e2-8ad2-a9a700f2aa94/1,2026-07-07,SOURCE_PAGE_IDENTIFIED,yes,SOURCE_LOCATED,مادة المادة التاسعة والسبعون بعد المائة - باب 11,no,
labor_law_art_180,https://laws.boe.gov.sa/boelaws/laws/lawdetails/08381293-6388-48e2-8ad2-a9a700f2aa94/1,2026-07-07,SOURCE_PAGE_IDENTIFIED,yes,SOURCE_LOCATED,مادة المادة الثمانون بعد المائة - باب 11,no,
labor_law_art_181,https://laws.boe.gov.sa/boelaws/laws/lawdetails/08381293-6388-48e2-8ad2-a9a700f2aa94/1,2026-07-07,SOURCE_PAGE_IDENTIFIED,yes,SOURCE_LOCATED,مادة المادة الحادية والثمانون بعد المائة - باب 11,no,
labor_law_art_182,https://laws.boe.gov.sa/boelaws/laws/lawdetails/08381293-6388-48e2-8ad2-a9a700f2aa94/1,2026-07-07,SOURCE_PAGE_IDENTIFIED,yes,SOURCE_LOCATED,مادة المادة الثانية والثمانون بعد المائة - باب 11,no,
labor_law_art_183,https://laws.boe.gov.sa/boelaws/laws/lawdetails/08381293-6388-48e2-8ad2-a9a700f2aa94/1,2026-07-07,SOURCE_PAGE_IDENTIFIED,yes,SOURCE_LOCATED,مادة المادة الثالثة والثمانون بعد المائة - باب 11,no,
labor_law_art_184,https://laws.boe.gov.sa/boelaws/laws/lawdetails/08381293-6388-48e2-8ad2-a9a700f2aa94/1,2026-07-07,SOURCE_PAGE_IDENTIFIED,yes,SOURCE_LOCATED,مادة المادة الرابعة والثمانون بعد المائة - باب 11,no,
labor_law_art_185,https://laws.boe.gov.sa/boelaws/laws/lawdetails/08381293-6388-48e2-8ad2-a9a700f2aa94/1,2026-07-07,SOURCE_PAGE_IDENTIFIED,yes,SOURCE_LOCATED,مادة المادة الخامسة والثمانون بعد المائة - باب 12,no,
labor_law_art_186,https://laws.boe.gov.sa/boelaws/laws/lawdetails/08381293-6388-48e2-8ad2-a9a700f2aa94/1,2026-07-07,SOURCE_PAGE_IDENTIFIED,yes,SOURCE_LOCATED,مادة المادة السادسة والثمانون بعد المائة - باب 12,no,
labor_law_art_187,https://laws.boe.gov.sa/boelaws/laws/lawdetails/08381293-6388-48e2-8ad2-a9a700f2aa94/1,2026-07-07,SOURCE_PAGE_IDENTIFIED,yes,SOURCE_LOCATED,مادة المادة السابعة والثمانون بعد المائة - باب 12,no,
labor_law_art_188,https://laws.boe.gov.sa/boelaws/laws/lawdetails/08381293-6388-48e2-8ad2-a9a700f2aa94/1,2026-07-07,SOURCE_PAGE_IDENTIFIED,yes,SOURCE_LOCATED,مادة المادة الثامنة والثمانون بعد المائة - باب 12,no,
labor_law_art_189,https://laws.boe.gov.sa/boelaws/laws/lawdetails/08381293-6388-48e2-8ad2-a9a700f2aa94/1,2026-07-07,SOURCE_PAGE_IDENTIFIED,yes,SOURCE_LOCATED,مادة المادة التاسعة والثمانون بعد المائة - باب 12,no,
labor_law_art_190,https://laws.boe.gov.sa/boelaws/laws/lawdetails/08381293-6388-48e2-8ad2-a9a700f2aa94/1,2026-07-07,SOURCE_PAGE_IDENTIFIED,yes,SOURCE_LOCATED,مادة المادة التسعون بعد المائة - باب 12,no,
labor_law_art_191,https://laws.boe.gov.sa/boelaws/laws/lawdetails/08381293-6388-48e2-8ad2-a9a700f2aa94/1,2026-07-07,SOURCE_PAGE_IDENTIFIED,yes,SOURCE_LOCATED,مادة المادة الحادية والتسعون بعد المائة - باب 12,no,
labor_law_art_192,https://laws.boe.gov.sa/boelaws/laws/lawdetails/08381293-6388-48e2-8ad2-a9a700f2aa94/1,2026-07-07,SOURCE_PAGE_IDENTIFIED,yes,SOURCE_LOCATED,مادة المادة الثانية والتسعون بعد المائة - باب 12,no,
labor_law_art_193,https://laws.boe.gov.sa/boelaws/laws/lawdetails/08381293-6388-48e2-8ad2-a9a700f2aa94/1,2026-07-07,SOURCE_PAGE_IDENTIFIED,yes,SOURCE_LOCATED,مادة المادة الثالثة والتسعون بعد المائة - باب 12,no,
labor_law_art_194,https://laws.boe.gov.sa/boelaws/laws/lawdetails/08381293-6388-48e2-8ad2-a9a700f2aa94/1,2026-07-07,SOURCE_PAGE_IDENTIFIED,yes,SOURCE_LOCATED,مادة المادة الرابعة والتسعون بعد المائة - باب 13,no,
labor_law_art_195,https://laws.boe.gov.sa/boelaws/laws/lawdetails/08381293-6388-48e2-8ad2-a9a700f2aa94/1,2026-07-07,SOURCE_PAGE_IDENTIFIED,yes,SOURCE_LOCATED,مادة المادة الخامسة والتسعون بعد المائة - باب 13,no,
labor_law_art_196,https://laws.boe.gov.sa/boelaws/laws/lawdetails/08381293-6388-48e2-8ad2-a9a700f2aa94/1,2026-07-07,SOURCE_PAGE_IDENTIFIED,yes,SOURCE_LOCATED,مادة المادة السادسة والتسعون بعد المائة - باب 13,no,
labor_law_art_197,https://laws.boe.gov.sa/boelaws/laws/lawdetails/08381293-6388-48e2-8ad2-a9a700f2aa94/1,2026-07-07,SOURCE_PAGE_IDENTIFIED,yes,SOURCE_LOCATED,مادة المادة السابعة والتسعون بعد المائة - باب 13,no,
labor_law_art_198,https://laws.boe.gov.sa/boelaws/laws/lawdetails/08381293-6388-48e2-8ad2-a9a700f2aa94/1,2026-07-07,SOURCE_PAGE_IDENTIFIED,yes,SOURCE_LOCATED,مادة المادة الثامنة والتسعون بعد المائة - باب 13,no,
labor_law_art_199,https://laws.boe.gov.sa/boelaws/laws/lawdetails/08381293-6388-48e2-8ad2-a9a700f2aa94/1,2026-07-07,SOURCE_PAGE_IDENTIFIED,yes,SOURCE_LOCATED,مادة المادة التاسعة والتسعون بعد المائة - باب 13,no,
labor_law_art_200,https://laws.boe.gov.sa/boelaws/laws/lawdetails/08381293-6388-48e2-8ad2-a9a700f2aa94/1,2026-07-07,SOURCE_PAGE_IDENTIFIED,yes,SOURCE_LOCATED,مادة المادة المئتان - باب 13,no,
labor_law_art_201,https://laws.boe.gov.sa/boelaws/laws/lawdetails/08381293-6388-48e2-8ad2-a9a700f2aa94/1,2026-07-07,SOURCE_PAGE_IDENTIFIED,yes,SOURCE_LOCATED,مادة المادة الأولى بعد المائتين - باب 13,no,
labor_law_art_202,https://laws.boe.gov.sa/boelaws/laws/lawdetails/08381293-6388-48e2-8ad2-a9a700f2aa94/1,2026-07-07,SOURCE_PAGE_IDENTIFIED,yes,SOURCE_LOCATED,مادة المادة الثانية بعد المائتين - باب 13,no,
labor_law_art_203,https://laws.boe.gov.sa/boelaws/laws/lawdetails/08381293-6388-48e2-8ad2-a9a700f2aa94/1,2026-07-07,SOURCE_PAGE_IDENTIFIED,yes,SOURCE_LOCATED,مادة المادة الثالثة بعد المائتين - باب 13,no,
labor_law_art_204,https://laws.boe.gov.sa/boelaws/laws/lawdetails/08381293-6388-48e2-8ad2-a9a700f2aa94/1,2026-07-07,SOURCE_PAGE_IDENTIFIED,yes,SOURCE_LOCATED,مادة المادة الرابعة بعد المائتين - باب 13,no,
labor_law_art_205,https://laws.boe.gov.sa/boelaws/laws/lawdetails/08381293-6388-48e2-8ad2-a9a700f2aa94/1,2026-07-07,SOURCE_PAGE_IDENTIFIED,yes,SOURCE_LOCATED,مادة المادة الخامسة بعد المائتين - باب 13,no,
labor_law_art_206,https://laws.boe.gov.sa/boelaws/laws/lawdetails/08381293-6388-48e2-8ad2-a9a700f2aa94/1,2026-07-07,SOURCE_PAGE_IDENTIFIED,yes,SOURCE_LOCATED,مادة المادة السادسة بعد المائتين - باب 13,no,
labor_law_art_207,https://laws.boe.gov.sa/boelaws/laws/lawdetails/08381293-6388-48e2-8ad2-a9a700f2aa94/1,2026-07-07,SOURCE_PAGE_IDENTIFIED,yes,SOURCE_LOCATED,مادة المادة السابعة بعد المائتين - باب 13,no,
labor_law_art_208,https://laws.boe.gov.sa/boelaws/laws/lawdetails/08381293-6388-48e2-8ad2-a9a700f2aa94/1,2026-07-07,SOURCE_PAGE_IDENTIFIED,yes,SOURCE_LOCATED,مادة المادة الثامنة بعد المائتين - باب 13,no,
labor_law_art_209,https://laws.boe.gov.sa/boelaws/laws/lawdetails/08381293-6388-48e2-8ad2-a9a700f2aa94/1,2026-07-07,SOURCE_PAGE_IDENTIFIED,yes,SOURCE_LOCATED,مادة المادة التاسعة بعد المائتين - باب 13,no,
labor_law_art_210,https://laws.boe.gov.sa/boelaws/laws/lawdetails/08381293-6388-48e2-8ad2-a9a700f2aa94/1,2026-07-07,SOURCE_PAGE_IDENTIFIED,yes,SOURCE_LOCATED,مادة المادة العاشرة بعد المائتين - باب 14,no,
labor_law_art_211,https://laws.boe.gov.sa/boelaws/laws/lawdetails/08381293-6388-48e2-8ad2-a9a700f2aa94/1,2026-07-07,SOURCE_PAGE_IDENTIFIED,yes,SOURCE_LOCATED,مادة المادة الحادية عشرة بعد المائتين - باب 14,no,
labor_law_art_212,https://laws.boe.gov.sa/boelaws/laws/lawdetails/08381293-6388-48e2-8ad2-a9a700f2aa94/1,2026-07-07,SOURCE_PAGE_IDENTIFIED,yes,SOURCE_LOCATED,مادة المادة الثانية عشرة بعد المائتين - باب 14,no,
labor_law_art_213,https://laws.boe.gov.sa/boelaws/laws/lawdetails/08381293-6388-48e2-8ad2-a9a700f2aa94/1,2026-07-07,SOURCE_PAGE_IDENTIFIED,yes,SOURCE_LOCATED,مادة المادة الثالثة عشرة بعد المائتين - باب 14,no,
labor_law_art_214,https://laws.boe.gov.sa/boelaws/laws/lawdetails/08381293-6388-48e2-8ad2-a9a700f2aa94/1,2026-07-07,SOURCE_PAGE_IDENTIFIED,yes,SOURCE_LOCATED,مادة المادة الرابعة عشرة بعد المائتين - باب 14,no,
labor_law_art_215,https://laws.boe.gov.sa/boelaws/laws/lawdetails/08381293-6388-48e2-8ad2-a9a700f2aa94/1,2026-07-07,SOURCE_PAGE_IDENTIFIED,yes,SOURCE_LOCATED,مادة المادة الخامسة عشرة بعد المائتين - باب 14,no,
labor_law_art_216,https://laws.boe.gov.sa/boelaws/laws/lawdetails/08381293-6388-48e2-8ad2-a9a700f2aa94/1,2026-07-07,SOURCE_PAGE_IDENTIFIED,yes,SOURCE_LOCATED,مادة المادة السادسة عشرة بعد المائتين - باب 14,no,
labor_law_art_217,https://laws.boe.gov.sa/boelaws/laws/lawdetails/08381293-6388-48e2-8ad2-a9a700f2aa94/1,2026-07-07,SOURCE_PAGE_IDENTIFIED,yes,SOURCE_LOCATED,مادة المادة السابعة عشرة بعد المائتين - باب 14,no,
labor_law_art_218,https://laws.boe.gov.sa/boelaws/laws/lawdetails/08381293-6388-48e2-8ad2-a9a700f2aa94/1,2026-07-07,SOURCE_PAGE_IDENTIFIED,yes,SOURCE_LOCATED,مادة المادة الثامنة عشرة بعد المائتين - باب 14,no,
labor_law_art_219,https://laws.boe.gov.sa/boelaws/laws/lawdetails/08381293-6388-48e2-8ad2-a9a700f2aa94/1,2026-07-07,SOURCE_PAGE_IDENTIFIED,yes,SOURCE_LOCATED,مادة المادة التاسعة عشرة بعد المائتين - باب 14,no,
labor_law_art_220,https://laws.boe.gov.sa/boelaws/laws/lawdetails/08381293-6388-48e2-8ad2-a9a700f2aa94/1,2026-07-07,SOURCE_PAGE_IDENTIFIED,yes,SOURCE_LOCATED,مادة المادة العشرون بعد المائتين - باب 14,no,
labor_law_art_221,https://laws.boe.gov.sa/boelaws/laws/lawdetails/08381293-6388-48e2-8ad2-a9a700f2aa94/1,2026-07-07,SOURCE_PAGE_IDENTIFIED,yes,SOURCE_LOCATED,مادة المادة الحادية والعشرون بعد المائتين - باب 14,no,
labor_law_art_222,https://laws.boe.gov.sa/boelaws/laws/lawdetails/08381293-6388-48e2-8ad2-a9a700f2aa94/1,2026-07-07,SOURCE_PAGE_IDENTIFIED,yes,SOURCE_LOCATED,مادة المادة الثانية والعشرون بعد المائتين - باب 14,no,
labor_law_art_223,https://laws.boe.gov.sa/boelaws/laws/lawdetails/08381293-6388-48e2-8ad2-a9a700f2aa94/1,2026-07-07,SOURCE_PAGE_IDENTIFIED,yes,SOURCE_LOCATED,مادة المادة الثالثة والعشرون بعد المائتين - باب 14,no,
labor_law_art_224,https://laws.boe.gov.sa/boelaws/laws/lawdetails/08381293-6388-48e2-8ad2-a9a700f2aa94/1,2026-07-07,SOURCE_PAGE_IDENTIFIED,yes,SOURCE_LOCATED,مادة المادة الرابعة والعشرون بعد المائتين - باب 14,no,
labor_law_art_225,https://laws.boe.gov.sa/boelaws/laws/lawdetails/08381293-6388-48e2-8ad2-a9a700f2aa94/1,2026-07-07,SOURCE_PAGE_IDENTIFIED,yes,SOURCE_LOCATED,مادة المادة الخامسة والعشرون بعد المائتين - باب 14,no,
labor_law_art_226,https://laws.boe.gov.sa/boelaws/laws/lawdetails/08381293-6388-48e2-8ad2-a9a700f2aa94/1,2026-07-07,SOURCE_PAGE_IDENTIFIED,yes,SOURCE_LOCATED,مادة المادة السادسة والعشرون بعد المائتين - باب 14,no,
labor_law_art_227,https://laws.boe.gov.sa/boelaws/laws/lawdetails/08381293-6388-48e2-8ad2-a9a700f2aa94/1,2026-07-07,SOURCE_PAGE_IDENTIFIED,yes,SOURCE_LOCATED,مادة المادة السابعة والعشرون بعد المائتين - باب 14,no,
labor_law_art_228,https://laws.boe.gov.sa/boelaws/laws/lawdetails/08381293-6388-48e2-8ad2-a9a700f2aa94/1,2026-07-07,SOURCE_PAGE_IDENTIFIED,yes,SOURCE_LOCATED,مادة المادة الثامنة والعشرون بعد المائتين - باب 14,no,
labor_law_art_229,https://laws.boe.gov.sa/boelaws/laws/lawdetails/08381293-6388-48e2-8ad2-a9a700f2aa94/1,2026-07-07,SOURCE_PAGE_IDENTIFIED,yes,SOURCE_LOCATED,مادة المادة التاسعة والعشرون بعد المائتين - باب 15,no,
labor_law_art_229_mukarrar,https://laws.boe.gov.sa/boelaws/laws/lawdetails/08381293-6388-48e2-8ad2-a9a700f2aa94/1,2026-07-07,SOURCE_PAGE_IDENTIFIED,yes,SOURCE_LOCATED,مادة ( التاسعة والعشرين بعد المائتين مكرر ) - باب 15,no,
labor_law_art_230,https://laws.boe.gov.sa/boelaws/laws/lawdetails/08381293-6388-48e2-8ad2-a9a700f2aa94/1,2026-07-07,SOURCE_PAGE_IDENTIFIED,yes,SOURCE_LOCATED,مادة المادة الثلاثون بعد المائتين - باب 15,no,
labor_law_art_231,https://laws.boe.gov.sa/boelaws/laws/lawdetails/08381293-6388-48e2-8ad2-a9a700f2aa94/1,2026-07-07,SOURCE_PAGE_IDENTIFIED,yes,SOURCE_LOCATED,مادة المادة الحادية والثلاثون بعد المائتين - باب 15,no,
labor_law_art_232,https://laws.boe.gov.sa/boelaws/laws/lawdetails/08381293-6388-48e2-8ad2-a9a700f2aa94/1,2026-07-07,SOURCE_PAGE_IDENTIFIED,yes,SOURCE_LOCATED,مادة المادة الثانية والثلاثون بعد المائتين - باب 15,no,
labor_law_art_233,https://laws.boe.gov.sa/boelaws/laws/lawdetails/08381293-6388-48e2-8ad2-a9a700f2aa94/1,2026-07-07,SOURCE_PAGE_IDENTIFIED,yes,SOURCE_LOCATED,مادة المادة الثالثة والثلاثون بعد المائتين - باب 15,no,
labor_law_art_234,https://laws.boe.gov.sa/boelaws/laws/lawdetails/08381293-6388-48e2-8ad2-a9a700f2aa94/1,2026-07-07,SOURCE_PAGE_IDENTIFIED,yes,SOURCE_LOCATED,مادة المادة الرابعة والثلاثون بعد المائتين - باب 15,no,
labor_law_art_235,https://laws.boe.gov.sa/boelaws/laws/lawdetails/08381293-6388-48e2-8ad2-a9a700f2aa94/1,2026-07-07,SOURCE_PAGE_IDENTIFIED,yes,SOURCE_LOCATED,مادة المادة الخامسة والثلاثون بعد المائتين - باب 15,no,
labor_law_art_236,https://laws.boe.gov.sa/boelaws/laws/lawdetails/08381293-6388-48e2-8ad2-a9a700f2aa94/1,2026-07-07,SOURCE_PAGE_IDENTIFIED,yes,SOURCE_LOCATED,مادة المادة السادسة والثلاثون بعد المائتين - باب 15,no,
labor_law_art_237,https://laws.boe.gov.sa/boelaws/laws/lawdetails/08381293-6388-48e2-8ad2-a9a700f2aa94/1,2026-07-07,SOURCE_PAGE_IDENTIFIED,yes,SOURCE_LOCATED,مادة المادة السابعة والثلاثون بعد المائتين - باب 15,no,
labor_law_art_238,https://laws.boe.gov.sa/boelaws/laws/lawdetails/08381293-6388-48e2-8ad2-a9a700f2aa94/1,2026-07-07,SOURCE_PAGE_IDENTIFIED,yes,SOURCE_LOCATED,مادة المادة الثامنة والثلاثون بعد المائتين - باب 15,no,
labor_law_art_239,https://laws.boe.gov.sa/boelaws/laws/lawdetails/08381293-6388-48e2-8ad2-a9a700f2aa94/1,2026-07-07,SOURCE_PAGE_IDENTIFIED,yes,SOURCE_LOCATED,مادة المادة التاسعة والثلاثون بعد المائتين - باب 15,no,
labor_law_art_231_renumbered,https://laws.boe.gov.sa/boelaws/laws/lawdetails/08381293-6388-48e2-8ad2-a9a700f2aa94/1,2026-07-07,SOURCE_PAGE_IDENTIFIED,yes,SOURCE_LOCATED,مادة (المادة الحادية والثلاثون بعد المائتين حالياً) (المادة الأربعون بعد المائتين سابقاً) - باب 15,no,
labor_law_art_241,https://laws.boe.gov.sa/boelaws/laws/lawdetails/08381293-6388-48e2-8ad2-a9a700f2aa94/1,2026-07-07,SOURCE_PAGE_IDENTIFIED,yes,SOURCE_LOCATED,مادة المادة الحادية والأربعون بعد المائتين - باب 15,no,
labor_law_art_232_renumbered,https://laws.boe.gov.sa/boelaws/laws/lawdetails/08381293-6388-48e2-8ad2-a9a700f2aa94/1,2026-07-07,SOURCE_PAGE_IDENTIFIED,yes,SOURCE_LOCATED,مادة (المادة الثانية والثلاثون بعد المائتين حالياً) (المادة الثانية والأربعون بعد المائتين سابقاً) - باب 15,no,
labor_law_art_243,https://laws.boe.gov.sa/boelaws/laws/lawdetails/08381293-6388-48e2-8ad2-a9a700f2aa94/1,2026-07-07,SOURCE_PAGE_IDENTIFIED,yes,SOURCE_LOCATED,مادة المادة الثالثة والأربعون بعد المائتين - باب 16,no,
labor_law_art_244,https://laws.boe.gov.sa/boelaws/laws/lawdetails/08381293-6388-48e2-8ad2-a9a700f2aa94/1,2026-07-07,SOURCE_PAGE_IDENTIFIED,yes,SOURCE_LOCATED,مادة المادة الرابعة والأربعون بعد المائتين - باب 16,no,
labor_law_art_245,https://laws.boe.gov.sa/boelaws/laws/lawdetails/08381293-6388-48e2-8ad2-a9a700f2aa94/1,2026-07-07,SOURCE_PAGE_IDENTIFIED,yes,SOURCE_LOCATED,مادة المادة الخامسة والأربعون بعد المائتين - باب 16,no,
